-- Sample Data

-- -----------------------------------------------------
-- User Table
-- -----------------------------------------------------
INSERT INTO User_ (ASURITE_ID, FirstName, MiddleName, LastName, UserEmail, UserPassword, 
UserRole, RegTime, isActive, LoginTime) VALUES
('ballen', 'Bartholomew', 'Henry', 'Allen', 'ballen@asu.edu', 
'$2a$10$pDS9osLtaWC.ESXTzkqkDuJZDL2UyDWcp5LHhu1v4YsTYek9/fGmS', 'student', 
'2017-01-02 00:00:01', 1, '2017-01-02 00:01:23'),
('oqueen', 'Oliver', 'Jonas', 'Queen', 'oqueen@asu.edu', 
'$2a$10$WxYguFl1pRauvVnj65jAX.orKqMRKdGVCByAPxlFpi5nGDlGpMoku', 'student', 
'2017-01-05 00:00:05', 1, '2017-01-05 00:04:33'),
('jgrey', 'Jean', 'Elaine', 'Grey', 'jgrey@asu.edu', 
'$2a$10$Eke47/lgxJxSi5yJixkjQe54v1E/g/woqzXDI/hmggpr60r6f7MLu', 'student', 
'2017-01-03 00:00:45', 1, '2017-01-03 00:2:08'),
('cxavier', 'Charles', 'Francis', 'Xavier', 'cxavier@asu.edu', 
'$2a$10$3O4KY/eSuVsrxDlrepXXrePJprc.JpesVNW7ECA030ICdeextfncO', 
'program chair', '2017-01-02 00:01:15', 1, '2017-01-02 00:02:03'),
('ahelsing', 'Abraham', 'Van', 'Helsing', 'ahelsing@asu.edu', 
'$2a$10$Zv1SKs5fKYWB6rQPC70ZHOf7G8wqJbSEosWhPYseFgtyy.GZiYb0y', 'faculty', 
'2017-01-02 00:00:55', 1, '2017-01-02 00:01:48'),
('hmccoy', 'Henry', 'Philip', 'McCoy', 'hmccoy@asu.edu', 
'$2a$10$XdkMDWqbMfe6cXuJOt9tk.zkBg.EXXRgIh5gYfXeyhB84cJnDqwOO', 'faculty', 
'2017-01-01 00:02:03', 1, '2017-01-01 00:03:23'),
('rbanner', 'Robert', 'Bruce', 'Banner', 'rbanner@asu.edu', 
'$2a$10$nmg6yqytVGXPCz.Ddl7Ux.kJMBwbiVxht3xM2J/4xxVUbLIpSlgPC', 'faculty', 
'2017-01-03 00:12:11', 1, '2017-01-03 00:15:05'),
('fsmoak', 'Felicity', 'Megan', 'Smoak', 'fsmoak@asu.edu', 
'$2a$10$9LtwRA2P4sGhkhQOMsbjbOQ0uO90T357d0IbT0fTYpHRWBkxNi5xe', 'administrative', 
'2017-01-02 00:08:23', 1, '2017-01-02 00:10:13'),
('astark', 'Anthony', 'Edward', 'Stark', 'astark@asu.edu', 
'$2a$10$r/CkooforqgXmbUV15TV.eZu6V.gljpbNaF36J.L0ownGYxQZJWju', 'human resources',
'2017-01-02 00:16:45', 1, '2017-01-02 00:18:03'),
('jhowlett', 'James', 'Logan', 'Howlett', 'jhowlett@asu.edu', 
'$2a$10$NLrrUI9.Oe5TZ.hii24.p.ligVO3ItcPf4oQMFOsFhQ3Tn6i0u5wG', 'student', 
'2017-03-03 08:12:45', 1, '2017-03-03 08:20:28'),
('bwayne', 'Bruce', NULL, 'Wayne', 'bwayne@asu.edu', 
'$2a$10$CvxGisTpHbnrYTlhaBn41OBwWfbZNRXu/eGvS7UEJOowg2Qdkg0gq', 'student', 
'2017-03-03 11:12:45', 1, '2017-03-03 11:18:28'),
('bgordon', 'Barbara', 'Joan', 'Gordon', 'bgordon@asu.edu', 
'$2a$10$IuFza9BQUn5Zx3WkZ..g9uyX3xXt.2y79Rqw8KnswZxnyAc279nIu', 'student', 
'2017-03-05 08:22:45', 1, '2017-03-05 10:20:08'),
('srogers', 'Steven', 'Grant', 'Rogers', 'srogers@asu.edu', 
'$2a$10$TrcU4tTMF71kY1OMviqID.bm1Y/lu1z5jE/lRaO0YpYCnTAYnuiHC', 'student', 
'2017-03-05 10:45:08', 1, '2017-03-05 11:38:26'),
('ckent', 'Clark', 'Joseph', 'Kent', 'ckent@asu.edu', 
'$2a$10$OTykUZEo4BPogB/ePD5K1OfcD6kDJs2pUYSxmDuXWzjHoZ/AELDkK', 'student', 
'2017-03-06 13:05:18', 1, '2017-03-06 13:35:00'),
('pparker', 'Peter', 'Benjamin', 'Parker', 'pparker@asu.edu', 
'$2a$10$QtxHLKHrXCRMFEKFM2FI/OXnlL42JfeRkvxcKOH2WLhdHLIVTOds2', 'student', 
'2017-03-06 15:38:15', 1, '2017-03-06 15:40:39'),
('omunroe', 'Ororo', NULL, 'Munroe', 'omunroe@asu.edu', 
'$2a$10$fHSyvi2jSFysPEkEG4wKIuuUBqb7UCrHdRc0O0s/PV.q7sMtdwWwq', 'student', 
'2017-03-07 08:11:00', 1, '2017-03-07 08:32:18'),
('ldanvers', 'Linda', 'Lee', 'Danvers', 'ldanvers@asu.edu', 
'$2a$10$B9mOp7ScDL7ujrvOKyOVF.c7JHKq7zoiwlt0onsEZeG9HJzyXEihe', 'student', 
'2017-03-07 10:21:06', 1, '2017-03-07 10:30:23'),
('dprince', 'Diana', NULL, 'Prince', 'dprince@asu.edu', 
'$2a$10$6grdIDNCrqBV0EDLBzFFfeEnPzxrnY2mAfulugDKOFIIM5R1MDO96', 'student', 
'2017-03-08 12:05:45', 1, '2017-03-08 12:34:47'),
('acurry', 'Arthur', 'Joseph', 'Curry', 'acurry@asu.edu', 
'$2a$10$QqQTOi1SUIHMRS4a94gq0.uJe36PnFsNreAuNdrZtsusY9s.6yEcy', 'student', 
'2017-03-09 09:20:15', 1, '2017-03-09 09:38:00'),
('jjones', 'John', NULL, 'Jones', 'jjones@asu.edu', 
'$2a$10$efs4kv.6L57OhyimEvr9MOC.cpJy712A.c14/lj.E9IGsDGugXqie', 'student', 
'2017-03-09 15:55:29', 1, '2017-03-09 16:02:31'),
('nadam', 'Nathaniel', 'Christopher', 'Adam', 'nadam@asu.edu', 
'$2a$10$/H8mfWUUP8KrOf3lEG6GqO/snkfkaHfj.NmtboK94LIZCxQAqJ1Hu', 'student', 
'2017-03-10 08:12:00', 1, '2017-03-10 08:15:28'),
('todinson', 'Thor', NULL, 'Odinson', 'todinson@asu.edu', 
'$2a$10$6yh2jShMxeOD4o.YgDmKouQcBAGrz4Trd8Iygurfm7bz5xqPVSeIi', 'student', 
'2017-03-10 10:31:27', 1, '2017-03-10 10:37:09'),
('nfury', 'Nicholas', 'Joseph', 'Fury', 'nfury@asu.edu', 
'$2a$10$GPFV1RMKAD9rqcEfPIVy.eD5hF0E6OPy8rFUJ02qOUKQAZbFGJ2oS', 'student', 
'2017-03-10 14:01:55', 1, '2017-03-10 14:05:19'),
('cbarton', 'Clinton', 'Francis', 'Barton', 'cbarton@asu.edu', 
'$2a$10$pCrKF7CTXXnPztVHLCTbsOysfk8px534vxchHspshHuxrCK3wPkH6', 'student', 
'2017-03-11 11:11:00', 1, '2017-03-11 11:35:23'),
('ssummers', 'Scott', NULL, 'Summers', 'ssummers@asu.edu', 
'$2a$10$yYVPE7l4NHJ1DqobX4007.Z9Dqy1uYZ0dGJ7xfnqaUAstLmIVz35S', 'student', 
'2017-03-11 15:03:09', 1, '2017-03-11 15:22:30');

-- -----------------------------------------------------
-- Application Table
-- -----------------------------------------------------
INSERT INTO Application (AppID, PhoneNumber, MobileNumber, AddressOne, AddressTwo, 
AddressCountry, AddressCity, AddressState, AddressZip, EducationLevel, GPA, DegreeProgram,
isAcademicProbation, isFourPlusOne, isInternationalStudent, SpeakTest, FirstSession,
GraduationDate, TimeCommitment, isTA, isGrader, CurrentEmployer, WorkHours, isWorkedASU, 
AppStatus, DateCreated, DateSubmitted, ModifiedDate, isContactComplete, 
isEducationComplete, isEmploymentComplete, isAvailabilityComplete, isLanguagesComplete, 
isCoursesComplete, ASURITE_ID) VALUES
(1, '123-111-1111', '123-222-2222', '123 First Street', NULL, 'United States', 
'Central City', 'Missouri', 10001, 'Ph.D Computer Engineering', 4.2, 
'Electrical Engineering', 0, 0, 0, NULL, '2016-08-15', 'Spring 2020', 10, 
1, 0, NULL, NULL, 1, 'complete', '2017-01-03 00:12:32', NULL, NULL, 1, 1, 
1, 1, 1, 1, 'ballen'),
(2, '231-232-1111', '231-222-2222', '1282 Washington Avenue', NULL, 'United States', 
'Star City', 'California', 20020, 'Ph.D Computer Science', 3.8, 'Computer Science', 0,
0, 0, NULL, '2014-08-15', 'Spring 2018', 20, 1, 0, NULL, NULL, 0, 
'incomplete', '2017-01-05 23:45:08', NULL, NULL, 1, 1, 1, 1, 1, 1, 'oqueen'),
(3, '342-443-1341', '342-234-1322', '1407 Graymalkin Lane', NULL, 'United States', 
'Salem Center', 'New York', 10501, 'M.S. Computer Engineering', 2.8, 'Computer Science', 1,
1, 1, 250, '2012-08-15', 'Spring 2017', 10, 0, 1, NULL, NULL, 0, 
'incomplete', '2017-01-04 08:23:16', NULL, '2017-01-06 12:05:46', 1, 1, 1, 
0, 1, 0, 'jgrey'),
(4, '113-667-3291', '113-667-1322', '1675 Camp Street', NULL, 'United States', 
'Paradise Valley', 'Nevada', 89426, NULL, NULL, NULL, NULL, NULL, NULL, NULL, NULL, NULL, 
NULL, NULL, NULL, NULL, NULL, NULL, 'incomplete', '2017-03-04 10:22:18', NULL, NULL,
 1, 0, 0, 0, 0, 0, 'jhowlett'),
(5, '341-897-5691', '341-897-1789', '111 Wayne Manor Street', NULL, 'United States', 
'Gotham City', 'New Jersey', 07001, 'M.S. Software Engineering', 3.7, 'Software Engineering', 
0, 0, 0, NULL, '2016-08-15', 'Spring 2018', NULL, NULL, NULL, NULL, NULL, NULL, 'incomplete', 
'2017-03-05 08:09:28', NULL, NULL, 1, 1, 0, 0, 0, 0, 'bwayne'),
(6, '341-234-6791', '341-234-6289', 'East Hills Avenue', NULL, 'United States', 
'Gotham City', 'New Jersey', 07001, 'Ph.D Computer Engineering', 3.9, 'Computer Engineering', 
0, 0, 0, NULL, '2015-08-15', 'Spring 2019', NULL, NULL, NULL, NULL, NULL, NULL, 'incomplete', 
'2017-03-05 08:09:28', NULL, NULL, 1, 1, 1, 0, 0, 0, 'bgordon'),
(7, NULL, NULL, NULL, NULL, NULL, NULL, NULL, NULL, NULL, NULL, NULL, NULL, NULL, NULL, NULL,
NULL, NULL, NULL, NULL, NULL, NULL, NULL, NULL, 'incomplete', '2017-03-06 14:12:45', NULL, NULL,
0, 0, 0, 0, 0, 0, 'srogers'),
(8, '432-556-1334', '432-556-2231', '145 Maple Street', NULL, 'United States', 
'Smallville', 'Kansas', 67524, 'Ph.D Computer Science', 4.0, 'Computer Science', 0, 0, 0, 
NULL, '2014-08-15', 'Spring 2018', 20, 1, 1, NULL, NULL, 0, 'complete', 
'2017-03-06 13:25:00', '2017-03-06 16:45:22', NULL, 1, 1, 1, 1, 1, 1, 'ckent'),
(9, '456-788-7894', '456-788-5682', '521 Rome Avenue', NULL, 'United States', 
'Brooklyn', 'New York', 11207, 'Ph.D Computer Engineering', 4.3, 'Computer Engineering', 
0, 0, 0, NULL, '2016-08-15', 'Spring 2020', 20, 1, 1, 'ASU', 20, 1, 
'complete', '2017-03-06 15:40:00', '2017-03-06 18:16:37', NULL, 1, 1, 1, 
1, 1, 1, 'pparker'),
(10, '555-232-2778', '555-232-7668', '114 8th Street', 'Apt. 330', 'United States', 
'Manhattan', 'New York', 10457, 'M.C.S Computer Science', 3.65, 'Computer Science', 
0, 0, 1, 240, '2016-08-15', 'Spring 2018', 10, 0, 1, NULL, NULL, 0, 
'complete', '2017-03-07 08:25:00', '2017-03-07 13:16:58', NULL, 1, 1, 1, 
1, 1, 1, 'omunroe'),
(11, '765-432-9872', '765-432-3782', '192 3rd Street', 'Apt. 221', 'United States', 
'National City', 'Virginia', 20107, 'M.S. Software Engineering', 3.8, 'Software Engineering', 
0, 0, 0, NULL, '2016-08-15', 'Spring 2018', 20, 0, 1, NULL, NULL, 0, 
'complete', '2017-03-07 10:32:39', '2017-03-07 10:32:39', NULL, 1, 1, 1, 
1, 1, 1, 'ldanvers'),
(12, '602-884-8923', '602-884-2351', '351 Andreas Avenue', NULL, 'United States', 
'Scottsdale', 'Arizona', 85250, 'M.S. Computer Science', 3.75, 'Computer Science', 
0, 0, 0, NULL, '2016-08-15', 'Spring 2018', 20, 1, 0, NULL, NULL, 0,
'complete', '2017-03-08 12:10:11', '2017-03-08 15:22:00', NULL, 1, 1, 1, 
1, 1, 1, 'dprince'),
(13, '949-891-0278', '949-891-7648', '1691 Ocean Avenue', NULL, 'United States', 
'San Diego', 'California', 92163, 'M.C.S Computer Science', 3.67, 'Computer Science',
0, 0, 0, NULL, '2016-08-15', 'Spring 2018', 10, 1, 0, 'ASU', 10, 1, 
'complete', '2017-03-09 09:32:07', '2017-03-09 13:08:57', NULL, 1, 1, 1, 
1, 1, 1, 'acurry'),
(14, '602-557-2891', '602-557-3721', '2761 Hendrix Avenue', NULL, 'United States', 
'Scottsdale', 'Arizona', 85250, 'Ph.D Computer Engineering', 3.9, 'Computer Engineering',
0, 0, 0, NULL, '2015-08-15', 'Spring 2019', 20, 1, 1, NULL, NULL, 0, 
'complete', '2017-03-09 16:02:18', '2017-03-09 18:55:00', NULL, 1, 1, 1, 
1, 1, 1, 'jjones'),
(15, '978-841-4289', '978-841-1129', '1289 Bay Avenue', NULL, 'United States', 
'San Francisco', 'California', 94116, 'Ph.D Computer Science', 4.2, 'Computer Science', 
0, 0, 0, NULL, '2014-08-15', 'Spring 2018', 20, 1, 1, NULL, NULL, 0, 
'complete', '2017-03-10 08:18:58', '2017-03-10 14:06:33', NULL, 1, 1, 1, 
1, 1, 1, 'nadam'),
(16, '602-822-1224', '602-822-8912', '8351 Maple Street', NULL, 'United States', 
'Scottsdale', 'Arizona', 85250, 'M.S. Computer Engineering', 3.62, 'Computer Engineering', 
0, 0, 0, NULL, '2016-08-15', 'Spring 2018', 20, 1, 0, NULL, NULL, 0, 
'complete', '2017-03-10 10:38:44', '2017-03-10 13:55:00', NULL, 1, 1, 1, 
1, 1, 1, 'todinson'),
(17, '491-688-9877', '491-688-6632', '3578 Venice Street', NULL, 'United States', 
'Clinton', 'New York', 10718, 'Ph.D Computer Engineering', 3.8, 'Computer Engineering', 
0, 0, 0, NULL, '2015-03-08', 'Spring 2019', 20, 1, 1, NULL, NULL, 0, 
'complete', '2017-03-10 14:18:34', '2017-03-10 16:37:09', NULL, 1, 1, 1, 
1, 1, 1, 'nfury'),
(18, '173-918-1778', '173-918-7212', '781 East Avenue', NULL, 'United States', 
'Waverly', 'Iowa', 50677, 'M.S. Computer Science', 3.65, 'Computer Science', 0, 0, 0, NULL,
'2016-03-08', 'Spring 2018', 20, 1, 0, NULL, NULL, 0, 'complete', 
'2017-03-11 11:39:11', '2017-03-11 14:05:36', NULL, 1, 1, 1, 1, 1, 1, 'cbarton'),
(19, '602-368-3871', '602-368-0201', '341 Katrina Street', NULL, 'United States', 
'Scottsdale', 'Arizona', 85250, 'M.S. Software Engineering', 3.9, 'Software Engineering', 
0, 0, 0, NULL, '2016-08-15', 'Spring 2018', 20, 1, 1, NULL, NULL, 0, 
'complete', '2017-03-11 15:31:43', '2017-03-11 18:48:00', NULL, 1, 1, 1, 
1, 1, 1, 'ssummers');

-- -----------------------------------------------------
-- IDEs Table
-- -----------------------------------------------------
INSERT INTO IDEs (IDEid, isIDE, OtherIDE, ASURITE_ID) VALUES
(1, 'Android Studio', NULL, 'ballen'),
(2, 'Brackets', NULL, 'ballen'),
(3, 'IntelliJ', NULL, 'ballen'),
(4, 'NetBeans', NULL, 'ballen'),
(5, 'Xcode', NULL, 'ballen'),
(6, 'Android Studio', NULL, 'oqueen'),
(7, 'Brackets', NULL, 'oqueen'),
(8, 'IntelliJ', NULL, 'oqueen'),
(9, 'NetBeans', NULL, 'oqueen'),
(10, NULL, 'Eclipse', 'oqueen'),
(11, 'Android Studio', NULL, 'jgrey'),
(12, 'Brackets', NULL, 'jgrey'),
(13, 'IntelliJ', NULL, 'jgrey'),
(14, 'NetBeans', NULL, 'jgrey'),
(15, 'Xcode', NULL, 'jgrey'),
(16, NULL, 'Eclipse', 'jgrey'),
(17, NULL, 'Atom', 'jgrey'),
(18, 'Android Studio', NULL, 'ckent'),
(19, 'Brackets', NULL, 'ckent'),
(20, 'IntelliJ', NULL, 'ckent'),
(21, 'NetBeans', NULL, 'ckent'),
(22, 'Xcode', NULL, 'ckent'),
(23, NULL, 'Eclipse', 'ckent'),
(24, 'Android Studio', NULL, 'pparker'),
(25, 'Brackets', NULL, 'pparker'),
(26, 'IntelliJ', NULL, 'pparker'),
(27, 'NetBeans', NULL, 'pparker'),
(28, 'Xcode', NULL, 'pparker'),
(29, NULL, 'Eclipse', 'pparker'),
(30, 'Android Studio', NULL, 'omunroe'),
(31, 'Brackets', NULL, 'omunroe'),
(32, 'IntelliJ', NULL, 'omunroe'),
(33, 'NetBeans', NULL, 'omunroe'),
(34, 'Xcode', NULL, 'omunroe'),
(35, NULL, 'Eclipse', 'omunroe'),
(36, NULL, 'Atom', 'omunroe'),
(37, 'Android Studio', NULL, 'ldanvers'),
(38, 'Brackets', NULL, 'ldanvers'),
(39, 'IntelliJ', NULL, 'ldanvers'),
(40, 'Xcode', NULL, 'ldanvers'),
(41, 'Android Studio', NULL, 'dprince'),
(42, 'Brackets', NULL, 'dprince'),
(43, 'IntelliJ', NULL, 'dprince'),
(44, 'NetBeans', NULL, 'dprince'),
(45, 'Xcode', NULL, 'dprince'),
(46, NULL, 'Eclipse', 'dprince'),
(47, 'Android Studio', NULL, 'acurry'),
(48, 'Brackets', NULL, 'acurry'),
(49, 'IntelliJ', NULL, 'acurry'),
(50, 'NetBeans', NULL, 'acurry'),
(51, 'Xcode', NULL, 'acurry'),
(52, 'Android Studio', NULL, 'jjones'),
(53, 'Brackets', NULL, 'jjones'),
(54, 'NetBeans', NULL, 'jjones'),
(55, 'Xcode', NULL, 'jjones'),
(56, NULL, 'Eclipse', 'jjones'),
(57, 'Android Studio', NULL, 'nadam'),
(58, 'Brackets', NULL, 'nadam'),
(59, 'IntelliJ', NULL, 'nadam'),
(60, 'NetBeans', NULL, 'nadam'),
(61, 'Xcode', NULL, 'nadam'),
(62, NULL, 'Atom', 'nadam'),
(63, NULL, 'Eclipse', 'nadam'),
(64, 'Android Studio', NULL, 'todinson'),
(65, 'Brackets', NULL, 'todinson'),
(66, 'Xcode', NULL, 'todinson'),
(67, 'Android Studio', NULL, 'nfury'),
(68, 'Brackets', NULL, 'nfury'),
(69, 'Xcode', NULL, 'nfury'),
(70, NULL, 'Eclipse', 'nfury'),
(71, 'Android Studio', NULL, 'cbarton'),
(72, 'Brackets', NULL, 'cbarton'),
(73, 'NetBeans', NULL, 'cbarton'),
(74, 'Xcode', NULL, 'cbarton'),
(75, NULL, 'Atom', 'cbarton'),
(76, 'Android Studio', NULL, 'ssummers'),
(77, 'Brackets', NULL, 'ssummers'),
(78, 'IntelliJ', NULL, 'ssummers'),
(79, 'NetBeans', NULL, 'ssummers'),
(80, 'Xcode', NULL, 'ssummers'),
(81, NULL, 'Eclipse', 'ssummers'),
(82, NULL, 'Atom', 'ssummers');

-- -----------------------------------------------------
-- Collaborative Tools Table
-- -----------------------------------------------------
INSERT INTO Collaborative_Tools (ToolID, isTool, OtherTool, ASURITE_ID) VALUES
(1, 'GitHub', NULL, 'ballen'),
(2, 'Taiga', NULL, 'ballen'),
(3, 'Slack', NULL, 'ballen'),
(5, NULL, 'Skype', 'ballen'),
(6, NULL, 'Zoom', 'ballen'),
(7, 'GitHub', NULL, 'oqueen'),
(8, 'Taiga', NULL, 'oqueen'),
(9, 'Slack', NULL, 'oqueen'),
(10, NULL, 'Skype', 'oqueen'),
(11, NULL, 'Adobe Connect', 'oqueen'),
(12, 'GitHub', NULL, 'jgrey'),
(13, 'Taiga', NULL, 'jgrey'),
(14, 'Slack', NULL, 'jgrey'),
(15, NULL, 'Skype', 'jgrey'),
(16, 'GitHub', NULL, 'ckent'),
(17, 'Taiga', NULL, 'ckent'),
(18, 'Slack', NULL, 'ckent'),
(19, NULL, 'Skype', 'ckent'),
(20, 'GitHub', NULL, 'pparker'),
(21, 'Taiga', NULL, 'pparker'),
(22, 'Slack', NULL, 'pparker'),
(23, NULL, 'Skype', 'pparker'),
(24, NULL, 'Adobe Connect', 'pparker'),
(25, 'GitHub', NULL, 'omunroe'),
(26, 'Taiga', NULL, 'omunroe'),
(27, 'Slack', NULL, 'omunroe'),
(28, NULL, 'Skype', 'omunroe'),
(29, 'GitHub', NULL, 'ldanvers'),
(30, 'Slack', NULL, 'ldanvers'),
(31, NULL, 'Skype', 'ldanvers'),
(32, 'GitHub', NULL, 'dprince'),
(33, 'Taiga', NULL, 'dprince'),
(34, 'Slack', NULL, 'dprince'),
(35, 'GitHub', NULL, 'acurry'),
(36, 'Taiga', NULL, 'acurry'),
(37, 'Slack', NULL, 'acurry'),
(38, NULL, 'Skype', 'acurry'),
(39, 'GitHub', NULL, 'jjones'),
(40, 'Taiga', NULL, 'jjones'),
(41, 'Slack', NULL, 'jjones'),
(42, NULL, 'Skype', 'jjones'),
(43, 'GitHub', NULL, 'nadam'),
(44, 'Taiga', NULL, 'nadam'),
(45, 'Slack', NULL, 'nadam'),
(46, NULL, 'Skype', 'nadam'),
(47, NULL, 'Adobe Connect', 'nadam'),
(48, 'GitHub', NULL, 'todinson'),
(49, 'Slack', NULL, 'nadam'),
(50, NULL, 'Skype', 'todinson'),
(51, 'GitHub', NULL, 'nfury'),
(52, 'Taiga', NULL, 'nfury'),
(53, 'Slack', NULL, 'nfury'),
(54, 'GitHub', NULL, 'cbarton'),
(55, 'Taiga', NULL, 'cbarton'),
(56, NULL, 'Skype', 'cbarton'),
(57, 'GitHub', NULL, 'ssummers'),
(58, 'Taiga', NULL, 'ssummers'),
(59, 'Slack', NULL, 'ssummers'),
(60, NULL, 'Skype', 'ssummers'),
(61, NULL, 'Adobe Connect', 'ssummers');

-- -----------------------------------------------------
-- Course Competencies Table
-- -----------------------------------------------------
INSERT INTO Course_Competencies (CompetenciesID, isCourse, isPrefer, isQualified, isPreviouslyTA, isPreviouslyGrader, OtherCourse, isOtherPrefer, isOtherQualified, isOtherPreviouslyTA, isOtherPreviouslyGrader, ASURITE_ID) VALUES
(1, 'SER 100', 0, 1, 0, 0, NULL, NULL, NULL, NULL, NULL, 'ballen'),
(2, 'FSE 100', 0, 1, 0, 0, NULL, NULL, NULL, NULL, NULL, 'ballen'),
(3, 'ASU 101', 0, 1, 0, 0, NULL, NULL, NULL, NULL, NULL, 'ballen'),
(4, 'CSE 110', 0, 1, 0, 0, NULL, NULL, NULL, NULL, NULL, 'ballen'),
(5, 'SER 200', 0, 1, 0, 0, NULL, NULL, NULL, NULL, NULL, 'ballen'),
(6, 'CSE 205', 0, 1, 0, 0, NULL, NULL, NULL, NULL, NULL, 'ballen'),
(7, 'SER 215', 0, 1, 1, 0, NULL, NULL, NULL, NULL, NULL, 'ballen'),
(8, 'SER 216', 0, 1, 0, 1, NULL, NULL, NULL, NULL, NULL, 'ballen'),
(9, 'SER 221', 0, 1, 0, 0, NULL, NULL, NULL, NULL, NULL, 'ballen'),
(10, 'SER 222', 1, 1, 0, 0, NULL, NULL, NULL, NULL, NULL, 'ballen'),
(11, 'CSE 230', 0, 1, 0, 0, NULL, NULL, NULL, NULL, NULL, 'ballen'),
(12, 'SER 232', 0, 1, 0, 0, NULL, NULL, NULL, NULL, NULL, 'ballen'),
(13, 'CSE 240', 0, 1, 0, 0, NULL, NULL, NULL, NULL, NULL, 'ballen'),
(14, 'SER 334', 0, 1, 0, 0, NULL, NULL, NULL, NULL, NULL, 'ballen'),
(15, 'SER 401', 1, 1, 0, 0, NULL, NULL, NULL, NULL, NULL, 'ballen'),
(16, 'SER 402', 1, 1, 0, 0, NULL, NULL, NULL, NULL, NULL, 'ballen'),
(17, 'SER 415', 0, 1, 0, 0, NULL, NULL, NULL, NULL, NULL, 'ballen'),
(18, 'SER 416', 0, 1, 0, 0, NULL, NULL, NULL, NULL, NULL, 'ballen'),
(19, 'SER 421', 0, 1, 0, 0, NULL, NULL, NULL, NULL, NULL, 'ballen'),
(20, 'SER 422', 0, 1, 0, 0, NULL, NULL, NULL, NULL, NULL, 'ballen'),
(21, 'SER 423', 0, 1, 0, 0, NULL, NULL, NULL, NULL, NULL, 'ballen'),
(22, 'SER 431', 0, 1, 0, 0, NULL, NULL, NULL, NULL, NULL, 'ballen'),
(23, 'SER 432', 0, 1, 0, 0, NULL, NULL, NULL, NULL, NULL, 'ballen'),
(24, 'SER 450', 0, 1, 0, 0, NULL, NULL, NULL, NULL, NULL, 'ballen'),
(25, 'SER 456', 0, 1, 0, 0, NULL, NULL, NULL, NULL, NULL, 'ballen'),
(26, 'SER 486', 0, 1, 0, 0, NULL, NULL, NULL, NULL, NULL, 'ballen'),
(27, 'SER 501', 0, 1, 0, 0, NULL, NULL, NULL, NULL, NULL, 'ballen'),
(28, 'SER 502', 0, 1, 0, 0, NULL, NULL, NULL, NULL, NULL, 'ballen'),
(29, 'SER 515', 0, 1, 0, 0, NULL, NULL, NULL, NULL, NULL, 'ballen'),
(30, 'SER 516', 0, 1, 0, 0, NULL, NULL, NULL, NULL, NULL, 'ballen'),
(31, 'SER 517', 0, 1, 0, 0, NULL, NULL, NULL, NULL, NULL, 'ballen'),
(32, 'SER 518', 0, 1, 0, 0, NULL, NULL, NULL, NULL, NULL, 'ballen'),
(33, NULL, NULL, NULL, NULL, NULL, 'CSE 414', 0, 1, 0, 0, 'ballen'),
(34, 'SER 100', 0, 1, 0, 0, NULL, NULL, NULL, NULL, NULL, 'ckent'),
(35, 'FSE 100', 0, 1, 0, 0, NULL, NULL, NULL, NULL, NULL, 'ckent'),
(36, 'ASU 101', 0, 1, 0, 0, NULL, NULL, NULL, NULL, NULL, 'ckent'),
(37, 'CSE 110', 0, 1, 0, 0, NULL, NULL, NULL, NULL, NULL, 'ckent'),
(38, 'SER 200', 1, 1, 0, 0, NULL, NULL, NULL, NULL, NULL, 'ckent'),
(39, 'CSE 205', 1, 1, 0, 0, NULL, NULL, NULL, NULL, NULL, 'ckent'),
(40, 'SER 215', 0, 1, 0, 0, NULL, NULL, NULL, NULL, NULL, 'ckent'),
(41, 'SER 216', 0, 1, 0, 0, NULL, NULL, NULL, NULL, NULL, 'ckent'),
(42, 'SER 221', 1, 1, 0, 0, NULL, NULL, NULL, NULL, NULL, 'ckent'),
(43, 'SER 222', 0, 1, 0, 0, NULL, NULL, NULL, NULL, NULL, 'ckent'),
(44, 'CSE 230', 0, 1, 0, 0, NULL, NULL, NULL, NULL, NULL, 'ckent'),
(45, 'SER 232', 0, 1, 0, 0, NULL, NULL, NULL, NULL, NULL, 'ckent'),
(46, 'CSE 240', 0, 1, 0, 0, NULL, NULL, NULL, NULL, NULL, 'ckent'),
(47, 'SER 334', 0, 1, 0, 0, NULL, NULL, NULL, NULL, NULL, 'ckent'),
(48, 'SER 401', 0, 1, 0, 0, NULL, NULL, NULL, NULL, NULL, 'ckent'),
(49, 'SER 402', 0, 1, 0, 0, NULL, NULL, NULL, NULL, NULL, 'ckent'),
(50, 'SER 415', 0, 1, 0, 0, NULL, NULL, NULL, NULL, NULL, 'ckent'),
(51, 'SER 416', 0, 1, 0, 0, NULL, NULL, NULL, NULL, NULL, 'ckent'),
(52, 'SER 421', 0, 1, 0, 0, NULL, NULL, NULL, NULL, NULL, 'ckent'),
(53, 'SER 422', 0, 1, 0, 0, NULL, NULL, NULL, NULL, NULL, 'ckent'),
(54, 'SER 423', 0, 1, 0, 0, NULL, NULL, NULL, NULL, NULL, 'ckent'),
(55, 'SER 431', 0, 1, 0, 0, NULL, NULL, NULL, NULL, NULL, 'ckent'),
(56, 'SER 432', 0, 1, 0, 0, NULL, NULL, NULL, NULL, NULL, 'ckent'),
(57, 'SER 450', 0, 1, 0, 0, NULL, NULL, NULL, NULL, NULL, 'ckent'),
(58, 'SER 456', 0, 1, 0, 0, NULL, NULL, NULL, NULL, NULL, 'ckent'),
(59, 'SER 486', 0, 1, 0, 0, NULL, NULL, NULL, NULL, NULL, 'ckent'),
(60, 'SER 501', 1, 1, 0, 0, NULL, NULL, NULL, NULL, NULL, 'ckent'),
(61, 'SER 502', 1, 1, 0, 0, NULL, NULL, NULL, NULL, NULL, 'ckent'),
(62, 'SER 515', 0, 1, 0, 0, NULL, NULL, NULL, NULL, NULL, 'ckent'),
(63, 'SER 516', 0, 1, 0, 0, NULL, NULL, NULL, NULL, NULL, 'ckent'),
(64, 'SER 517', 0, 1, 0, 0, NULL, NULL, NULL, NULL, NULL, 'ckent'),
(65, 'SER 518', 0, 1, 0, 0, NULL, NULL, NULL, NULL, NULL, 'ckent'),
(66, 'SER 100', 0, 1, 0, 0, NULL, NULL, NULL, NULL, NULL, 'pparker'),
(67, 'FSE 100', 0, 1, 0, 0, NULL, NULL, NULL, NULL, NULL, 'pparker'),
(68, 'ASU 101', 0, 1, 0, 0, NULL, NULL, NULL, NULL, NULL, 'pparker'),
(69, 'CSE 110', 0, 1, 0, 0, NULL, NULL, NULL, NULL, NULL, 'pparker'),
(70, 'SER 200', 0, 1, 0, 0, NULL, NULL, NULL, NULL, NULL, 'pparker'),
(71, 'CSE 205', 0, 1, 0, 0, NULL, NULL, NULL, NULL, NULL, 'pparker'),
(72, 'SER 215', 0, 1, 0, 0, NULL, NULL, NULL, NULL, NULL, 'pparker'),
(73, 'SER 216', 0, 1, 0, 0, NULL, NULL, NULL, NULL, NULL, 'pparker'),
(74, 'SER 221', 0, 1, 0, 0, NULL, NULL, NULL, NULL, NULL, 'pparker'),
(75, 'SER 222', 0, 1, 0, 0, NULL, NULL, NULL, NULL, NULL, 'pparker'),
(76, 'CSE 230', 0, 1, 0, 0, NULL, NULL, NULL, NULL, NULL, 'pparker'),
(77, 'SER 232', 0, 1, 0, 0, NULL, NULL, NULL, NULL, NULL, 'pparker'),
(78, 'CSE 240', 0, 1, 0, 0, NULL, NULL, NULL, NULL, NULL, 'pparker'),
(79, 'SER 334', 0, 1, 0, 0, NULL, NULL, NULL, NULL, NULL, 'pparker'),
(80, 'SER 401', 0, 1, 1, 0, NULL, NULL, NULL, NULL, NULL, 'pparker'),
(81, 'SER 402', 0, 1, 0, 1, NULL, NULL, NULL, NULL, NULL, 'pparker'),
(82, 'SER 415', 0, 1, 0, 0, NULL, NULL, NULL, NULL, NULL, 'pparker'),
(83, 'SER 416', 0, 1, 0, 0, NULL, NULL, NULL, NULL, NULL, 'pparker'),
(84, 'SER 421', 0, 1, 0, 0, NULL, NULL, NULL, NULL, NULL, 'pparker'),
(85, 'SER 422', 0, 1, 0, 0, NULL, NULL, NULL, NULL, NULL, 'pparker'),
(86, 'SER 423', 0, 1, 0, 0, NULL, NULL, NULL, NULL, NULL, 'pparker'),
(87, 'SER 431', 0, 1, 0, 0, NULL, NULL, NULL, NULL, NULL, 'pparker'),
(88, 'SER 432', 0, 1, 0, 0, NULL, NULL, NULL, NULL, NULL, 'pparker'),
(89, 'SER 450', 0, 1, 0, 0, NULL, NULL, NULL, NULL, NULL, 'pparker'),
(90, 'SER 456', 0, 1, 0, 0, NULL, NULL, NULL, NULL, NULL, 'pparker'),
(91, 'SER 486', 0, 1, 0, 0, NULL, NULL, NULL, NULL, NULL, 'pparker'),
(92, 'SER 501', 0, 1, 0, 0, NULL, NULL, NULL, NULL, NULL, 'pparker'),
(93, 'SER 502', 0, 1, 0, 0, NULL, NULL, NULL, NULL, NULL, 'pparker'),
(94, 'SER 515', 0, 1, 0, 0, NULL, NULL, NULL, NULL, NULL, 'pparker'),
(95, 'SER 516', 0, 1, 0, 0, NULL, NULL, NULL, NULL, NULL, 'pparker'),
(96, 'SER 517', 1, 1, 0, 0, NULL, NULL, NULL, NULL, NULL, 'pparker'),
(97, 'SER 518', 1, 1, 0, 0, NULL, NULL, NULL, NULL, NULL, 'pparker'),
(98, 'SER 100', 0, 1, 0, 0, NULL, NULL, NULL, NULL, NULL, 'omunroe'),
(99, 'FSE 100', 0, 1, 0, 0, NULL, NULL, NULL, NULL, NULL, 'omunroe'),
(100, 'ASU 101', 0, 1, 0, 0, NULL, NULL, NULL, NULL, NULL, 'omunroe'),
(101, 'CSE 110', 0, 1, 0, 0, NULL, NULL, NULL, NULL, NULL, 'omunroe'),
(102, 'SER 200', 0, 1, 0, 0, NULL, NULL, NULL, NULL, NULL, 'omunroe'),
(103, 'CSE 205', 0, 1, 0, 0, NULL, NULL, NULL, NULL, NULL, 'omunroe'),
(104, 'SER 215', 1, 1, 0, 0, NULL, NULL, NULL, NULL, NULL, 'omunroe'),
(105, 'SER 216', 1, 1, 0, 0, NULL, NULL, NULL, NULL, NULL, 'omunroe'),
(106, 'SER 221', 0, 1, 0, 0, NULL, NULL, NULL, NULL, NULL, 'omunroe'),
(107, 'SER 222', 0, 1, 0, 0, NULL, NULL, NULL, NULL, NULL, 'omunroe'),
(108, 'CSE 230', 0, 1, 0, 0, NULL, NULL, NULL, NULL, NULL, 'omunroe'),
(109, 'SER 232', 0, 1, 0, 0, NULL, NULL, NULL, NULL, NULL, 'omunroe'),
(110, 'CSE 240', 0, 1, 0, 0, NULL, NULL, NULL, NULL, NULL, 'omunroe'),
(111, 'SER 334', 0, 1, 0, 0, NULL, NULL, NULL, NULL, NULL, 'omunroe'),
(112, 'SER 401', 0, 1, 0, 0, NULL, NULL, NULL, NULL, NULL, 'omunroe'),
(113, 'SER 402', 0, 1, 0, 0, NULL, NULL, NULL, NULL, NULL, 'omunroe'),
(114, 'SER 415', 0, 1, 0, 0, NULL, NULL, NULL, NULL, NULL, 'omunroe'),
(115, 'SER 416', 0, 1, 0, 0, NULL, NULL, NULL, NULL, NULL, 'omunroe'),
(116, 'SER 100', 0, 1, 0, 0, NULL, NULL, NULL, NULL, NULL, 'ldanvers'),
(117, 'FSE 100', 0, 1, 0, 0, NULL, NULL, NULL, NULL, NULL, 'ldanvers'),
(118, 'ASU 101', 0, 1, 0, 0, NULL, NULL, NULL, NULL, NULL, 'ldanvers'),
(119, 'CSE 110', 1, 1, 0, 0, NULL, NULL, NULL, NULL, NULL, 'ldanvers'),
(120, 'SER 200', 0, 1, 0, 0, NULL, NULL, NULL, NULL, NULL, 'ldanvers'),
(121, 'CSE 205', 0, 1, 0, 0, NULL, NULL, NULL, NULL, NULL, 'ldanvers'),
(122, 'SER 215', 0, 1, 0, 0, NULL, NULL, NULL, NULL, NULL, 'ldanvers'),
(123, 'SER 216', 0, 1, 0, 0, NULL, NULL, NULL, NULL, NULL, 'ldanvers'),
(124, 'SER 221', 0, 1, 0, 0, NULL, NULL, NULL, NULL, NULL, 'ldanvers'),
(125, 'SER 222', 0, 1, 0, 0, NULL, NULL, NULL, NULL, NULL, 'ldanvers'),
(126, 'CSE 230', 0, 1, 0, 0, NULL, NULL, NULL, NULL, NULL, 'ldanvers'),
(127, 'SER 232', 0, 1, 0, 0, NULL, NULL, NULL, NULL, NULL, 'ldanvers'),
(128, 'CSE 240', 0, 1, 0, 0, NULL, NULL, NULL, NULL, NULL, 'ldanvers'),
(129, 'SER 100', 0, 1, 0, 0, NULL, NULL, NULL, NULL, NULL, 'dprince'),
(130, 'FSE 100', 0, 1, 0, 0, NULL, NULL, NULL, NULL, NULL, 'dprince'),
(131, 'ASU 101', 0, 1, 0, 0, NULL, NULL, NULL, NULL, NULL, 'dprince'),
(132, 'CSE 110', 0, 1, 0, 0, NULL, NULL, NULL, NULL, NULL, 'dprince'),
(133, 'SER 200', 0, 1, 0, 0, NULL, NULL, NULL, NULL, NULL, 'dprince'),
(134, 'CSE 205', 0, 1, 0, 0, NULL, NULL, NULL, NULL, NULL, 'dprince'),
(135, 'SER 215', 0, 1, 0, 0, NULL, NULL, NULL, NULL, NULL, 'dprince'),
(136, 'SER 216', 0, 1, 0, 0, NULL, NULL, NULL, NULL, NULL, 'dprince'),
(137, 'SER 221', 0, 1, 0, 0, NULL, NULL, NULL, NULL, NULL, 'dprince'),
(138, 'SER 222', 0, 1, 0, 0, NULL, NULL, NULL, NULL, NULL, 'dprince'),
(139, 'CSE 230', 1, 1, 0, 0, NULL, NULL, NULL, NULL, NULL, 'dprince'),
(140, 'SER 232', 0, 1, 0, 0, NULL, NULL, NULL, NULL, NULL, 'dprince'),
(141, 'CSE 240', 0, 1, 0, 0, NULL, NULL, NULL, NULL, NULL, 'dprince'),
(142, 'SER 401', 0, 1, 0, 0, NULL, NULL, NULL, NULL, NULL, 'dprince'),
(143, 'SER 402', 0, 1, 0, 0, NULL, NULL, NULL, NULL, NULL, 'dprince'),
(144, 'SER 415', 0, 1, 0, 0, NULL, NULL, NULL, NULL, NULL, 'dprince'),
(145, 'SER 416', 0, 1, 0, 0, NULL, NULL, NULL, NULL, NULL, 'dprince'),
(146, 'SER 421', 0, 1, 0, 0, NULL, NULL, NULL, NULL, NULL, 'dprince'),
(147, 'SER 422', 0, 1, 0, 0, NULL, NULL, NULL, NULL, NULL, 'dprince'),
(148, 'SER 423', 1, 1, 0, 0, NULL, NULL, NULL, NULL, NULL, 'dprince'),
(149, 'SER 100', 0, 1, 0, 0, NULL, NULL, NULL, NULL, NULL, 'acurry'),
(150, 'FSE 100', 0, 1, 0, 0, NULL, NULL, NULL, NULL, NULL, 'acurry'),
(151, 'ASU 101', 0, 1, 0, 0, NULL, NULL, NULL, NULL, NULL, 'acurry'),
(152, 'CSE 110', 0, 1, 0, 0, NULL, NULL, NULL, NULL, NULL, 'acurry'),
(153, 'SER 200', 0, 1, 0, 0, NULL, NULL, NULL, NULL, NULL, 'acurry'),
(154, 'CSE 205', 0, 1, 0, 0, NULL, NULL, NULL, NULL, NULL, 'acurry'),
(155, 'SER 215', 0, 1, 0, 0, NULL, NULL, NULL, NULL, NULL, 'acurry'),
(156, 'SER 216', 0, 1, 0, 0, NULL, NULL, NULL, NULL, NULL, 'acurry'),
(157, 'SER 221', 0, 1, 0, 1, NULL, NULL, NULL, NULL, NULL, 'acurry'),
(158, 'SER 222', 0, 1, 0, 0, NULL, NULL, NULL, NULL, NULL, 'acurry'),
(159, 'CSE 230', 0, 1, 0, 0, NULL, NULL, NULL, NULL, NULL, 'acurry'),
(160, 'SER 232', 0, 1, 1, 0, NULL, NULL, NULL, NULL, NULL, 'acurry'),
(161, 'CSE 240', 0, 1, 0, 0, NULL, NULL, NULL, NULL, NULL, 'acurry'),
(162, 'SER 334', 0, 1, 0, 0, NULL, NULL, NULL, NULL, NULL, 'acurry'),
(163, 'SER 401', 1, 1, 0, 0, NULL, NULL, NULL, NULL, NULL, 'acurry'),
(164, 'SER 402', 1, 1, 0, 0, NULL, NULL, NULL, NULL, NULL, 'acurry'),
(165, 'SER 415', 1, 1, 0, 0, NULL, NULL, NULL, NULL, NULL, 'acurry'),
(166, 'SER 416', 0, 1, 0, 0, NULL, NULL, NULL, NULL, NULL, 'acurry'),
(167, 'SER 421', 0, 1, 0, 0, NULL, NULL, NULL, NULL, NULL, 'acurry'),
(168, 'SER 100', 0, 1, 0, 0, NULL, NULL, NULL, NULL, NULL, 'jjones'),
(169, 'FSE 100', 0, 1, 0, 0, NULL, NULL, NULL, NULL, NULL, 'jjones'),
(170, 'ASU 101', 0, 1, 0, 0, NULL, NULL, NULL, NULL, NULL, 'jjones'),
(171, 'CSE 110', 0, 1, 0, 0, NULL, NULL, NULL, NULL, NULL, 'jjones'),
(172, 'SER 200', 0, 1, 0, 0, NULL, NULL, NULL, NULL, NULL, 'jjones'),
(173, 'CSE 205', 0, 1, 0, 0, NULL, NULL, NULL, NULL, NULL, 'jjones'),
(174, 'SER 215', 0, 1, 0, 0, NULL, NULL, NULL, NULL, NULL, 'jjones'),
(175, 'SER 216', 0, 1, 0, 0, NULL, NULL, NULL, NULL, NULL, 'jjones'),
(176, 'SER 221', 0, 1, 0, 0, NULL, NULL, NULL, NULL, NULL, 'jjones'),
(177, 'SER 222', 0, 1, 0, 0, NULL, NULL, NULL, NULL, NULL, 'jjones'),
(178, 'CSE 230', 0, 1, 0, 0, NULL, NULL, NULL, NULL, NULL, 'jjones'),
(179, 'SER 232', 0, 1, 0, 0, NULL, NULL, NULL, NULL, NULL, 'jjones'),
(180, 'CSE 240', 0, 1, 0, 0, NULL, NULL, NULL, NULL, NULL, 'jjones'),
(181, 'SER 334', 0, 1, 0, 0, NULL, NULL, NULL, NULL, NULL, 'jjones'),
(182, 'SER 401', 0, 1, 0, 0, NULL, NULL, NULL, NULL, NULL, 'jjones'),
(183, 'SER 402', 0, 1, 0, 0, NULL, NULL, NULL, NULL, NULL, 'jjones'),
(184, 'SER 415', 0, 1, 0, 0, NULL, NULL, NULL, NULL, NULL, 'jjones'),
(185, 'SER 416', 0, 1, 0, 0, NULL, NULL, NULL, NULL, NULL, 'jjones'),
(186, 'SER 421', 0, 1, 0, 0, NULL, NULL, NULL, NULL, NULL, 'jjones'),
(187, 'SER 422', 1, 1, 0, 0, NULL, NULL, NULL, NULL, NULL, 'jjones'),
(188, 'SER 423', 1, 1, 0, 0, NULL, NULL, NULL, NULL, NULL, 'jjones'),
(189, 'SER 431', 0, 1, 0, 0, NULL, NULL, NULL, NULL, NULL, 'jjones'),
(190, 'SER 432', 0, 1, 0, 0, NULL, NULL, NULL, NULL, NULL, 'jjones'),
(191, 'SER 450', 0, 1, 0, 0, NULL, NULL, NULL, NULL, NULL, 'jjones'),
(192, 'SER 456', 0, 1, 0, 0, NULL, NULL, NULL, NULL, NULL, 'jjones'),
(193, 'SER 486', 0, 1, 0, 0, NULL, NULL, NULL, NULL, NULL, 'jjones'),
(194, 'SER 501', 1, 1, 0, 0, NULL, NULL, NULL, NULL, NULL, 'jjones'),
(195, 'SER 502', 1, 1, 0, 0, NULL, NULL, NULL, NULL, NULL, 'jjones'),
(196, 'SER 515', 1, 1, 0, 0, NULL, NULL, NULL, NULL, NULL, 'jjones'),
(197, 'SER 516', 1, 1, 0, 0, NULL, NULL, NULL, NULL, NULL, 'jjones'),
(198, 'SER 517', 0, 1, 0, 0, NULL, NULL, NULL, NULL, NULL, 'jjones'),
(199, 'SER 518', 0, 1, 0, 0, NULL, NULL, NULL, NULL, NULL, 'jjones'),
(200, 'SER 100', 0, 1, 0, 0, NULL, NULL, NULL, NULL, NULL, 'nadam'),
(201, 'FSE 100', 0, 1, 0, 0, NULL, NULL, NULL, NULL, NULL, 'nadam'),
(202, 'ASU 101', 0, 1, 0, 0, NULL, NULL, NULL, NULL, NULL, 'nadam'),
(203, 'CSE 110', 0, 1, 0, 0, NULL, NULL, NULL, NULL, NULL, 'nadam'),
(204, 'SER 200', 0, 1, 0, 0, NULL, NULL, NULL, NULL, NULL, 'nadam'),
(205, 'CSE 205', 0, 1, 0, 0, NULL, NULL, NULL, NULL, NULL, 'nadam'),
(206, 'SER 215', 0, 1, 0, 0, NULL, NULL, NULL, NULL, NULL, 'nadam'),
(207, 'SER 216', 0, 1, 0, 0, NULL, NULL, NULL, NULL, NULL, 'nadam'),
(208, 'SER 221', 0, 1, 0, 0, NULL, NULL, NULL, NULL, NULL, 'nadam'),
(209, 'SER 222', 0, 1, 0, 0, NULL, NULL, NULL, NULL, NULL, 'nadam'),
(210, 'CSE 230', 0, 1, 0, 0, NULL, NULL, NULL, NULL, NULL, 'nadam'),
(211, 'SER 232', 0, 1, 0, 0, NULL, NULL, NULL, NULL, NULL, 'nadam'),
(212, 'CSE 240', 0, 1, 0, 0, NULL, NULL, NULL, NULL, NULL, 'nadam'),
(213, 'SER 334', 0, 1, 0, 0, NULL, NULL, NULL, NULL, NULL, 'nadam'),
(214, 'SER 401', 0, 1, 0, 0, NULL, NULL, NULL, NULL, NULL, 'nadam'),
(215, 'SER 402', 0, 1, 0, 0, NULL, NULL, NULL, NULL, NULL, 'nadam'),
(216, 'SER 415', 0, 1, 0, 0, NULL, NULL, NULL, NULL, NULL, 'nadam'),
(217, 'SER 416', 0, 1, 0, 0, NULL, NULL, NULL, NULL, NULL, 'nadam'),
(218, 'SER 421', 0, 1, 0, 0, NULL, NULL, NULL, NULL, NULL, 'nadam'),
(219, 'SER 422', 0, 1, 0, 0, NULL, NULL, NULL, NULL, NULL, 'nadam'),
(220, 'SER 423', 0, 1, 0, 0, NULL, NULL, NULL, NULL, NULL, 'nadam'),
(221, 'SER 431', 0, 1, 0, 0, NULL, NULL, NULL, NULL, NULL, 'nadam'),
(222, 'SER 432', 0, 1, 0, 0, NULL, NULL, NULL, NULL, NULL, 'nadam'),
(223, 'SER 450', 0, 1, 0, 0, NULL, NULL, NULL, NULL, NULL, 'nadam'),
(224, 'SER 456', 1, 1, 0, 0, NULL, NULL, NULL, NULL, NULL, 'nadam'),
(225, 'SER 486', 1, 1, 0, 0, NULL, NULL, NULL, NULL, NULL, 'nadam'),
(226, 'SER 501', 1, 1, 0, 0, NULL, NULL, NULL, NULL, NULL, 'nadam'),
(227, 'SER 502', 1, 1, 0, 0, NULL, NULL, NULL, NULL, NULL, 'nadam'),
(228, 'SER 515', 0, 1, 0, 0, NULL, NULL, NULL, NULL, NULL, 'nadam'),
(229, 'SER 516', 0, 1, 0, 0, NULL, NULL, NULL, NULL, NULL, 'nadam'),
(230, 'SER 517', 0, 1, 0, 0, NULL, NULL, NULL, NULL, NULL, 'nadam'),
(231, 'SER 518', 0, 1 ,0, 0, NULL, NULL, NULL, NULL, NULL, 'nadam'),
(232, 'SER 100', 1, 1, 0, 0, NULL, NULL, NULL, NULL, NULL, 'todinson'),
(233, 'FSE 100', 1, 1, 0, 0, NULL, NULL, NULL, NULL, NULL, 'todinson'),
(234, 'ASU 101', 1, 1, 0, 0, NULL, NULL, NULL, NULL, NULL, 'todinson'),
(235, 'CSE 110', 0, 1, 0, 0, NULL, NULL, NULL, NULL, NULL, 'todinson'),
(236, 'SER 200', 0, 1, 0, 0, NULL, NULL, NULL, NULL, NULL, 'todinson'),
(237, 'CSE 205', 0, 1, 0, 0, NULL, NULL, NULL, NULL, NULL, 'todinson'),
(238, 'SER 215', 0, 1, 0, 0, NULL, NULL, NULL, NULL, NULL, 'todinson'),
(239, 'SER 216', 0, 1, 0, 0, NULL, NULL, NULL, NULL, NULL, 'todinson'),
(240, 'SER 221', 0, 1, 0, 0, NULL, NULL, NULL, NULL, NULL, 'todinson'),
(241, 'SER 222', 0, 1, 0, 0, NULL, NULL, NULL, NULL, NULL, 'todinson'),
(242, 'CSE 230', 0, 1, 0, 0, NULL, NULL, NULL, NULL, NULL, 'todinson'),
(243, 'SER 232', 0, 1, 0, 0, NULL, NULL, NULL, NULL, NULL, 'todinson'),
(244, 'SER 100', 0, 1, 0, 0, NULL, NULL, NULL, NULL, NULL, 'nfury'),
(245, 'FSE 100', 0, 1, 0, 0, NULL, NULL, NULL, NULL, NULL, 'nfury'),
(246, 'ASU 101', 0, 1, 0, 0, NULL, NULL, NULL, NULL, NULL, 'nfury'),
(247, 'CSE 110', 0, 1, 0, 0, NULL, NULL, NULL, NULL, NULL, 'nfury'),
(248, 'SER 200', 1, 1, 0, 0, NULL, NULL, NULL, NULL, NULL, 'nfury'),
(249, 'CSE 205', 1, 1, 0, 0, NULL, NULL, NULL, NULL, NULL, 'nfury'),
(250, 'SER 215', 0, 1, 0, 0, NULL, NULL, NULL, NULL, NULL, 'nfury'),
(251, 'SER 216', 0, 1, 0, 0, NULL, NULL, NULL, NULL, NULL, 'nfury'),
(252, 'SER 221', 0, 1, 0, 0, NULL, NULL, NULL, NULL, NULL, 'nfury'),
(253, 'SER 222', 0, 1, 0, 0, NULL, NULL, NULL, NULL, NULL, 'nfury'),
(254, 'CSE 230', 0, 1, 0, 0, NULL, NULL, NULL, NULL, NULL, 'nfury'),
(255, 'SER 232', 0, 1, 0, 0, NULL, NULL, NULL, NULL, NULL, 'nfury'),
(256, 'CSE 240', 0, 1, 0, 0, NULL, NULL, NULL, NULL, NULL, 'nfury'),
(257, 'SER 334', 0, 1, 0, 0, NULL, NULL, NULL, NULL, NULL, 'nfury'),
(258, 'SER 401', 0, 1, 0, 0, NULL, NULL, NULL, NULL, NULL, 'nfury'),
(259, 'SER 402', 0, 1, 0, 0, NULL, NULL, NULL, NULL, NULL, 'nfury'),
(260, 'SER 415', 0, 1, 0, 0, NULL, NULL, NULL, NULL, NULL, 'nfury'),
(261, 'SER 416', 0, 1, 0, 0, NULL, NULL, NULL, NULL, NULL, 'nfury'),
(262, 'SER 421', 0, 1, 0, 0, NULL, NULL, NULL, NULL, NULL, 'nfury'),
(263, 'SER 422', 0, 1, 0, 0, NULL, NULL, NULL, NULL, NULL, 'nfury'),
(264, 'SER 423', 0, 1, 0, 0, NULL, NULL, NULL, NULL, NULL, 'nfury'),
(265, 'SER 100', 0, 1, 0, 0, NULL, NULL, NULL, NULL, NULL, 'cbarton'),
(266, 'FSE 100', 0, 1, 0, 0, NULL, NULL, NULL, NULL, NULL, 'cbarton'),
(267, 'ASU 101', 0, 1, 0, 0, NULL, NULL, NULL, NULL, NULL, 'cbarton'),
(268, 'CSE 110', 0, 1, 0, 0, NULL, NULL, NULL, NULL, NULL, 'cbarton'),
(269, 'SER 200', 0, 1, 0, 0, NULL, NULL, NULL, NULL, NULL, 'cbarton'),
(270, 'CSE 205', 0, 1, 0, 0, NULL, NULL, NULL, NULL, NULL, 'cbarton'),
(271, 'SER 215', 1, 1, 0, 0, NULL, NULL, NULL, NULL, NULL, 'cbarton'),
(272, 'SER 216', 1, 1, 0, 0, NULL, NULL, NULL, NULL, NULL, 'cbarton'),
(273, 'SER 221', 0, 1, 0, 0, NULL, NULL, NULL, NULL, NULL, 'cbarton'),
(274, 'SER 222', 0, 1, 0, 0, NULL, NULL, NULL, NULL, NULL, 'cbarton'),
(275, 'CSE 230', 0, 1, 0, 0, NULL, NULL, NULL, NULL, NULL, 'cbarton'),
(276, 'SER 232', 0, 1, 0, 0, NULL, NULL, NULL, NULL, NULL, 'cbarton'),
(277, 'CSE 240', 0, 1, 0, 0, NULL, NULL, NULL, NULL, NULL, 'cbarton'),
(278, 'SER 100', 0, 1, 0, 0, NULL, NULL, NULL, NULL, NULL, 'ssummers'),
(279, 'FSE 100', 0, 1, 0, 0, NULL, NULL, NULL, NULL, NULL, 'ssummers'),
(280, 'ASU 101', 0, 1, 0, 0, NULL, NULL, NULL, NULL, NULL, 'ssummers'),
(281, 'CSE 110', 0, 1, 0, 0, NULL, NULL, NULL, NULL, NULL, 'ssummers'),
(282, 'SER 200', 0, 1, 0, 0, NULL, NULL, NULL, NULL, NULL, 'ssummers'),
(283, 'CSE 205', 0, 1, 0, 0, NULL, NULL, NULL, NULL, NULL, 'ssummers'),
(284, 'SER 215', 0, 1, 0, 0, NULL, NULL, NULL, NULL, NULL, 'ssummers'),
(285, 'SER 216', 0, 1, 0, 0, NULL, NULL, NULL, NULL, NULL, 'ssummers'),
(286, 'SER 221', 0, 1, 0, 0, NULL, NULL, NULL, NULL, NULL, 'ssummers'),
(287, 'SER 222', 0, 1, 0, 0, NULL, NULL, NULL, NULL, NULL, 'ssummers'),
(288, 'CSE 230', 0, 1, 0, 0, NULL, NULL, NULL, NULL, NULL, 'ssummers'),
(289, 'SER 232', 0, 1, 0, 0, NULL, NULL, NULL, NULL, NULL, 'ssummers'),
(290, 'CSE 240', 0, 1, 0, 0, NULL, NULL, NULL, NULL, NULL, 'ssummers'),
(291, 'SER 334', 0, 1, 0, 0, NULL, NULL, NULL, NULL, NULL, 'ssummers'),
(292, 'SER 401', 1, 1, 0, 0, NULL, NULL, NULL, NULL, NULL, 'ssummers'),
(293, 'SER 402', 1, 1, 0, 0, NULL, NULL, NULL, NULL, NULL, 'ssummers'),
(294, 'SER 415', 1, 1, 0, 0, NULL, NULL, NULL, NULL, NULL, 'ssummers'),
(295, 'SER 416', 1, 1, 0, 0, NULL, NULL, NULL, NULL, NULL, 'ssummers'),
(296, 'SER 421', 0, 1, 0, 0, NULL, NULL, NULL, NULL, NULL, 'ssummers'),
(297, 'SER 422', 0, 1, 0, 0, NULL, NULL, NULL, NULL, NULL, 'ssummers'),
(298, 'SER 423', 0, 1, 0, 0, NULL, NULL, NULL, NULL, NULL, 'ssummers');

-- -----------------------------------------------------
-- Course Table
-- -----------------------------------------------------
INSERT INTO Courses (CourseID, CourseSection, CourseName) VALUES
(1, 'FSE 100', 'Introduction to Engineering'),
(2, 'ASU 101', 'The ASU Experience'),
(3, 'CSE 110', 'Principles of Programming'),
(4, 'CSE 205', 'Object-Oriented Programming and Data Structures'),
(5, 'SER 215', 'Software Enterprise: Personal Process'),
(6, 'SER 216', 'Software Enterprise: Testing and Quality'),
(7, 'SER 222', 'Design and Analysis of Data Structures and Algorithms'),
(8, 'CSE 230', 'Computer Organization and Assembly Language Programming'),
(9, 'SER 232', 'Computer Systems Fundamentals I'),
(10, 'CSE 240', 'Introduction to Programming Languages'),
(11, 'SER 321', 'Software Systems'),
(12, 'SER 322', 'Database Management'),
(13, 'SER 334', 'Operating Systems and Networks'),
(14, 'SER 401', 'Computing Capstone Project I'),
(15, 'SER 402', 'Computing Capstone Project II'),
(16, 'SER 415', 'Software Enterprise: Inception and Elaboration'),
(17, 'SER 416', 'Software Enterprise: Project and Process Management'),
(18, 'SER 421', 'Web-Based Applications and Mobile Systems'),
(19, 'SER 422', 'Web Application Programming'),
(20, 'SER 423', 'Mobile Systems'),
(21, 'SER 431', 'Advanced Graphics'),
(22, 'SER 432', 'Game Engine Architecture'),
(23, 'SER 450', 'Computer Architecture'),
(24, 'SER 456', 'Embedded Interfaces: Sensors and Actuators'),
(25, 'SER 486', 'Embedded C Programming'),
(26, 'SER 501', 'Advanced Data Structures and Algorithms'),
(27, 'SER 502', 'Emerging Languages and Programming Paradigms'),
(28, 'SER 515', 'Software Enterprise: Inception and Elaboration'),
(29, 'SER 516', 'Software Enterprise: Project and Process Management'),
(30, 'SER 517', 'Software Factory I'),
(31, 'SER 518', 'Software Factory II');   

-- -----------------------------------------------------
-- Languages Table
-- -----------------------------------------------------
INSERT INTO Languages (LanguagesID, isLanguage, LanguageLevel, OtherLanguage, OtherLevel, ASURITE_ID) VALUES
(1, 'C', 'Proficient', NULL, NULL, 'ballen'),
(2, 'C++', 'Expert', NULL, NULL, 'ballen'),
(3, 'CSS', 'Expert', NULL, NULL, 'ballen'),
(4, 'HTML', 'Expert', NULL, NULL, 'ballen'),
(5, 'Java', 'Novice', NULL, NULL, 'ballen'),
(6, 'JavaScript', 'Proficient', NULL, NULL, 'ballen'),
(7, 'JSON', 'Proficient', NULL, NULL, 'ballen'),
(8, 'Python', 'Expert', NULL, NULL, 'ballen'),
(9, 'SQL', 'Proficient', NULL, NULL, 'ballen'),
(10, 'Verilog', 'Expert', NULL, NULL, 'ballen'),
(11, 'XML', 'Novice', NULL, NULL, 'ballen'),
(12, NULL, NULL, 'C#', 'Proficient', 'ballen'),
(13, NULL, NULL, 'Ruby', 'Proficient', 'ballen'),
(14, 'C', 'Novice', NULL, NULL, 'oqueen'),
(15, 'C++', 'Novice', NULL, NULL, 'oqueen'),
(16, 'CSS', 'Expert', NULL, NULL, 'oqueen'),
(17, 'HTML', 'Expert', NULL, NULL, 'oqueen'),
(18, 'Java', 'Novice', NULL, NULL, 'oqueen'),
(19, 'JavaScript', 'Expert', NULL, NULL, 'oqueen'),
(20, 'JSON', 'Expert', NULL, NULL, 'oqueen'),
(21, 'Python', 'Expert', NULL, NULL, 'oqueen'),
(22, 'SQL', 'Proficient', NULL, NULL, 'oqueen'),
(23, 'Swift', 'Novice', NULL, NULL, 'oqueen'),
(24, NULL, NULL, 'Ruby', 'Proficient', 'oqueen'),
(25, 'C', 'Novice', NULL, NULL, 'jgrey'),
(26, 'C++', 'Novice', NULL, NULL, 'jgrey'),
(27, 'CSS', 'Expert', NULL, NULL, 'jgrey'),
(28, 'HTML', 'Expert', NULL, NULL, 'jgrey'),
(29, 'Java', 'Novice', NULL, NULL, 'jgrey'),
(30, 'JavaScript', 'Expert', NULL, NULL, 'jgrey'),
(31, 'JSON', 'Proficient', NULL, NULL, 'jgrey'),
(32, 'Python', 'Expert', NULL, NULL, 'jgrey'),
(33, 'SQL', 'Proficient', NULL, NULL, 'jgrey'),
(34, 'Swift', 'Novice', NULL, NULL, 'jgrey'),
(35, NULL, NULL, 'C#', 'Novice', 'jgrey'),
(36, NULL, NULL, 'Ruby', 'Proficient', 'jgrey'),
(37, NULL, NULL, 'Prolog', 'Novice', 'jgrey'),
(38, 'C', 'Proficient', NULL, NULL, 'ckent'),
(39, 'C++', 'Proficient', NULL, NULL, 'ckent'),
(40, 'CSS', 'Expert', NULL, NULL, 'ckent'),
(41, 'HTML', 'Expert', NULL, NULL, 'ckent'),
(42, 'Java', 'Proficient', NULL, NULL, 'ckent'),
(43, 'JavaScript', 'Expert', NULL, NULL, 'ckent'),
(44, 'JSON', 'Expert', NULL, NULL, 'ckent'),
(45, 'Python', 'Expert', NULL, NULL, 'ckent'),
(46, 'SQL', 'Novice', NULL, NULL, 'ckent'),
(47, 'Swift', 'Novice', NULL, NULL, 'ckent'),
(48, 'Verilog', 'Novice', NULL, NULL, 'ckent'),
(49, 'XML', 'Novice', NULL, NULL, 'ckent'),
(50, NULL, NULL, 'C#', 'Proficient', 'ckent'),
(51, NULL, NULL, 'Ruby', 'Expert', 'ckent'),
(52, NULL, NULL, 'Prolog', 'Novice', 'ckent'),
(53, 'C', 'Expert', NULL, NULL, 'pparker'),
(54, 'C++', 'Expert', NULL, NULL, 'pparker'),
(55, 'CSS', 'Expert', NULL, NULL, 'pparker'),
(56, 'HTML', 'Expert', NULL, NULL, 'pparker'),
(57, 'Java', 'Expert', NULL, NULL, 'pparker'),
(58, 'JavaScript', 'Expert', NULL, NULL, 'pparker'),
(59, 'JSON', 'Expert', NULL, NULL, 'pparker'),
(60, 'Python', 'Expert', NULL, NULL, 'pparker'),
(61, 'SQL', 'Proficient', NULL, NULL, 'pparker'),
(62, 'Swift', 'Proficient', NULL, NULL, 'pparker'),
(63, 'Verilog', 'Proficient', NULL, NULL, 'pparker'),
(64, 'XML', 'Proficient', NULL, NULL, 'pparker'),
(65, NULL, NULL, 'C#', 'Expert', 'pparker'),
(66, NULL, NULL, 'Prolog', 'Proficient', 'pparker'),
(67, 'C', 'Proficient', NULL, NULL, 'omunroe'),
(68, 'C++', 'Proficient', NULL, NULL, 'omunroe'),
(69, 'CSS', 'Expert', NULL, NULL, 'omunroe'),
(70, 'HTML', 'Expert', NULL, NULL, 'omunroe'),
(71, 'Java', 'Novice', NULL, NULL, 'omunroe'),
(72, 'JavaScript', 'Expert', NULL, NULL, 'omunroe'),
(73, 'JSON', 'Expert', NULL, NULL, 'omunroe'),
(74, 'Python', 'Expert', NULL, NULL, 'omunroe'),
(75, 'SQL', 'Proficient', NULL, NULL, 'omunroe'),
(76, NULL, NULL, 'C#', 'Proficient', 'omunroe'),
(77, 'C', 'Novice', NULL, NULL, 'ldanvers'),
(78, 'C++', 'Novice', NULL, NULL, 'ldanvers'),
(79, 'CSS', 'Expert', NULL, NULL, 'ldanvers'),
(80, 'HTML', 'Expert', NULL, NULL, 'ldanvers'),
(81, 'Java', 'Proficient', NULL, NULL, 'ldanvers'),
(82, 'JavaScript', 'Expert', NULL, NULL, 'ldanvers'),
(83, 'JSON', 'Expert', NULL, NULL, 'ldanvers'),
(84, 'Python', 'Expert', NULL, NULL, 'ldanvers'),
(85, 'SQL', 'Proficient', NULL, NULL, 'ldanvers'),
(86, 'Swift', 'Proficient', NULL, NULL, 'ldanvers'),
(87, 'CSS', 'Expert', NULL, NULL, 'dprince'),
(88, 'HTML', 'Expert', NULL, NULL, 'dprince'),
(89, 'Java', 'Proficient', NULL, NULL, 'dprince'),
(90, 'JavaScript', 'Expert', NULL, NULL, 'dprince'),
(91, 'JSON', 'Expert', NULL, NULL, 'dprince'),
(92, 'Python', 'Expert', NULL, NULL, 'dprince'),
(93, 'SQL', 'Proficient', NULL, NULL, 'dprince'),
(94, 'Swift', 'Novice', NULL, NULL, 'dprince'),
(95, 'Verilog', 'Novice', NULL, NULL, 'dprince'),
(96, 'XML', 'Novice', NULL, NULL, 'dprince'),
(97, NULL, NULL, 'Ruby', 'Expert', 'dprince'),
(98, 'C', 'Novice', NULL, NULL, 'acurry'),
(99, 'C++', 'Novice', NULL, NULL, 'acurry'),
(100, 'CSS', 'Proficient', NULL, NULL, 'acurry'),
(101, 'HTML', 'Proficient', NULL, NULL, 'acurry'),
(102, 'Java', 'Proficient', NULL, NULL, 'acurry'),
(103, 'JavaScript', 'Expert', NULL, NULL, 'acurry'),
(104, 'JSON', 'Expert', NULL, NULL, 'acurry'),
(105, 'Python', 'Proficient', NULL, NULL, 'acurry'),
(106, 'SQL', 'Expert', NULL, NULL, 'acurry'),
(107, 'Swift', 'Proficient', NULL, NULL, 'acurry'),
(108, 'CSS', 'Expert', NULL, NULL, 'jjones'),
(109, 'HTML', 'Expert', NULL, NULL, 'jjones'),
(110, 'Java', 'Proficient', NULL, NULL, 'jjones'),
(111, 'JavaScript', 'Proficient', NULL, NULL, 'jjones'),
(112, 'JSON', 'Novice', NULL, NULL, 'jjones'),
(113, 'Python', 'Novice', NULL, NULL, 'jjones'),
(114, 'SQL', 'Novice', NULL, NULL, 'jjones'),
(115, 'Swift', 'Novice', NULL, NULL, 'jjones'),
(116, 'Verilog', 'Proficient', NULL, NULL, 'jjones'),
(117, 'XML', 'Proficient', NULL, NULL, 'jjones'),
(118, NULL, NULL, 'Ruby', 'Expert', 'jjones'),
(119, NULL, NULL, 'Prolog', 'Proficient', 'jjones'),
(120, 'C', 'Proficient', NULL, NULL, 'nadam'),
(121, 'C++', 'Proficient', NULL, NULL, 'nadam'),
(122, 'CSS', 'Expert', NULL, NULL, 'nadam'),
(123, 'HTML', 'Expert', NULL, NULL, 'nadam'),
(124, 'Java', 'Expert', NULL, NULL, 'nadam'),
(125, 'JavaScript', 'Expert', NULL, NULL, 'nadam'),
(126, 'JSON', 'Expert', NULL, NULL, 'nadam'),
(127, 'Python', 'Expert', NULL, NULL, 'nadam'),
(128, 'SQL', 'Proficient', NULL, NULL, 'nadam'),
(129, 'Swift', 'Novice', NULL, NULL, 'nadam'),
(130, 'Verilog', 'Expert', NULL, NULL, 'nadam'),
(131, 'XML', 'Expert', NULL, NULL, 'nadam'),
(132, NULL, NULL, 'C#', 'Proficient', 'nadam'),
(133, NULL, NULL, 'Ruby', 'Expert', 'nadam'),
(134, NULL, NULL, 'Prolog', 'Expert', 'nadam'),
(135, 'C', 'Novice', NULL, NULL, 'todinson'),
(136, 'C++', 'Novice', NULL, NULL, 'todinson'),
(137, 'CSS', 'Proficient', NULL, NULL, 'todinson'),
(138, 'HTML', 'Proficient', NULL, NULL, 'todinson'),
(139, 'Java', 'Expert', NULL, NULL, 'todinson'),
(140, 'JavaScript', 'Expert', NULL, NULL, 'todinson'),
(141, 'JSON', 'Expert', NULL, NULL, 'todinson'),
(142, 'Python', 'Expert', NULL, NULL, 'todinson'),
(143, 'SQL', 'Proficient', NULL, NULL, 'todinson'),
(144, 'C', 'Novice', NULL, NULL, 'nfury'),
(145, 'C++', 'Novice', NULL, NULL, 'nfury'),
(146, 'CSS', 'Expert', NULL, NULL, 'nfury'),
(147, 'HTML', 'Expert', NULL, NULL, 'nfury'),
(148, 'Java', 'Proficient', NULL, NULL, 'nfury'),
(149, 'JavaScript', 'Expert', NULL, NULL, 'nfury'),
(150, 'JSON', 'Expert', NULL, NULL, 'nfury'),
(151, 'Python', 'Proficient', NULL, NULL, 'nfury'),
(152, 'SQL', 'Proficient', NULL, NULL, 'nfury'),
(153, 'Swift', 'Novice', NULL, NULL, 'nfury'),
(154, 'Verilog', 'Novice', NULL, NULL, 'nfury'),
(155, 'XML', 'Novice', NULL, NULL, 'nfury'),
(156, 'CSS', 'Expert', NULL, NULL, 'cbarton'),
(157, 'HTML', 'Expert', NULL, NULL, 'cbarton'),
(158, 'Java', 'Proficient', NULL, NULL, 'cbarton'),
(159, 'JavaScript', 'Proficient', NULL, NULL, 'cbarton'),
(160, 'JSON', 'Proficient', NULL, NULL, 'cbarton'),
(161, 'Python', 'Novice', NULL, NULL, 'cbarton'),
(162, 'SQL', 'Expert', NULL, NULL, 'cbarton'),
(163, 'Verilog', 'Novice', NULL, NULL, 'cbarton'),
(164, 'XML', 'Novice', NULL, NULL, 'cbarton'),
(165, NULL, NULL, 'Ruby', 'Expert', 'cbarton'),
(166, NULL, NULL, 'Prolog', 'Novice', 'cbarton'),
(167, 'C', 'Proficient', NULL, NULL, 'ssummers'),
(168, 'C++', 'Proficient', NULL, NULL, 'ssummers'),
(169, 'CSS', 'Expert', NULL, NULL, 'ssummers'),
(170, 'HTML', 'Expert', NULL, NULL, 'ssummers'),
(171, 'Java', 'Proficient', NULL, NULL, 'ssummers'),
(172, 'JavaScript', 'Proficient', NULL, NULL, 'ssummers'),
(173, 'JSON', 'Proficient', NULL, NULL, 'ssummers'),
(174, 'Python', 'Novice', NULL, NULL, 'ssummers'),
(175, 'SQL', 'Proficient', NULL, NULL, 'ssummers'),
(176, 'Swift', 'Novice', NULL, NULL, 'ssummers'),
(177, 'Verilog', 'Novice', NULL, NULL, 'ssummers'),
(178, 'XML', 'Proficient', NULL, NULL, 'ssummers'),
(179, NULL, NULL, 'C#', 'Proficient', 'ssummers'),
(180, NULL, NULL, 'Ruby', 'Expert', 'ssummers'),
(181, NULL, NULL, 'Prolog', 'Novice', 'ssummers');

-- -----------------------------------------------------
-- Calendar Table
-- -----------------------------------------------------
INSERT INTO Calendar (CalendarID, CalendarDay, StartHour, StopHour, ASURITE_ID) VALUES
(1, 'Monday', '08:00:00', '10:00:00', 'ballen'), 
(2, 'Monday', '10:00:00', '12:00:00', 'ballen'),
(3, 'Monday', '14:00:00', '16:00:00', 'ballen'),
(4, 'Tuesday', '08:00:00', '10:00:00', 'ballen'),
(5, 'Tuesday', '10:00:00', '12:00:00', 'ballen'),
(6, 'Tuesday', '16:00:00', '18:00:00', 'ballen'), 
(7, 'Wednesday', '08:00:00', '10:00:00', 'ballen'),
(8, 'Wednesday', '10:00:00', '12:00:00', 'ballen'),
(9, 'Wednesday', '14:00:00', '16:00:00', 'ballen'),
(10, 'Thursday', '08:00:00', '10:00:00', 'ballen'),
(11, 'Thursday', '10:00:00', '12:00:00', 'ballen'),
(12, 'Thursday', '12:00:00', '14:00:00', 'ballen'),
(13, 'Friday', '08:00:00', '10:00:00', 'ballen'),
(14, 'Friday', '10:00:00', '12:00:00', 'ballen'), 
(15, 'Monday', '10:00:00', '12:00:00', 'oqueen'),
(16, 'Monday', '12:00:00', '14:00:00', 'oqueen'),
(17, 'Monday', '16:00:00', '18:00:00', 'oqueen'),
(18, 'Monday', '18:00:00', '20:00:00', 'oqueen'),
(19, 'Tuesday', '16:00:00', '17:00:00', 'oqueen'), 
(20, 'Tuesday', '10:00:00', '12:00:00', 'oqueen'),
(21, 'Tuesday', '12:00:00', '14:00:00', 'oqueen'),
(22, 'Wednesday', '08:00:00', '10:00:00', 'oqueen'),
(23, 'Wednesday', '10:00:00', '12:00:00', 'oqueen'), 
(24, 'Wednesday', '12:00:00', '13:00:00', 'oqueen'),
(25, 'Thursday', '08:00:00', '10:00:00', 'oqueen'),
(26, 'Thursday', '10:00:00', '12:00:00', 'oqueen'),
(27, 'Thursday', '14:00:00', '16:00:00', 'oqueen'),
(28, 'Friday', '10:00:00', '12:00:00', 'oqueen'),
(29, 'Monday', '08:00:00', '10:00:00', 'ckent'),
(30, 'Monday', '10:00:00', '12:00:00', 'ckent'),
(31, 'Monday', '12:00:00', '14:00:00', 'ckent'),
(32, 'Tuesday', '18:00:00', '20:00:00', 'ckent'),
(33, 'Tuesday', '08:00:00', '10:00:00', 'ckent'),
(34, 'Tuesday', '10:00:00', '12:00:00', 'ckent'),
(35, 'Tuesday', '12:00:00', '14:00:00', 'ckent'),
(36, 'Tuesday', '14:00:00', '16:00:00', 'ckent'),
(37, 'Wednesday', '08:00:00', '10:00:00', 'ckent'),
(38, 'Wednesday', '10:00:00', '12:00:00', 'ckent'),
(39, 'Wednesday', '12:00:00', '14:00:00', 'ckent'),
(40, 'Thursday', '08:00:00', '10:00:00', 'ckent'),
(41, 'Thursday', '10:00:00', '12:00:00', 'ckent'),
(42, 'Thursday', '12:00:00', '14:00:00', 'ckent'),
(43, 'Friday', '08:00:00', '10:00:00', 'ckent'),
(44, 'Friday', '10:00:00', '12:00:00', 'ckent'),
(45, 'Monday', '10:00:00', '12:00:00', 'pparker'),
(46, 'Monday', '12:00:00', '14:00:00', 'pparker'),
(47, 'Tuesday', '08:00:00', '10:00:00', 'pparker'),
(48, 'Tuesday', '10:00:00', '12:00:00', 'pparker'),
(49, 'Tuesday', '14:00:00', '16:00:00', 'pparker'),
(50, 'Tuesday', '16:00:00', '18:00:00', 'pparker'),
(51, 'Wednesday', '10:00:00', '12:00:00', 'pparker'),
(52, 'Wednesday', '12:00:00', '14:00:00', 'pparker'),
(53, 'Wednesday', '14:00:00', '16:00:00', 'pparker'),
(54, 'Thursday', '08:00:00', '10:00:00', 'pparker'),
(55, 'Thursday', '10:00:00', '12:00:00', 'pparker'),
(56, 'Monday', '08:00:00', '10:00:00', 'omunroe'),
(57, 'Monday', '10:00:00', '12:00:00', 'omunroe'),
(58, 'Monday', '12:00:00', '14:00:00', 'omunroe'),
(59, 'Monday', '14:00:00', '16:00:00', 'omunroe'),
(60, 'Tuesday', '08:00:00', '10:00:00', 'omunroe'),
(61, 'Tuesday', '10:00:00', '12:00:00', 'omunroe'),
(62, 'Tuesday', '14:00:00', '16:00:00', 'omunroe'),
(63, 'Tuesday', '16:00:00', '18:00:00', 'omunroe'),
(64, 'Wednesday', '10:00:00', '12:00:00', 'omunroe'),
(65, 'Wednesday', '12:00:00', '14:00:00', 'omunroe'),
(66, 'Thursday', '08:00:00', '10:00:00', 'omunroe'),
(67, 'Thursday', '10:00:00', '12:00:00', 'omunroe'),
(68, 'Thursday', '12:00:00', '14:00:00', 'omunroe'),
(69, 'Thursday', '14:00:00', '16:00:00', 'omunroe'),
(70, 'Friday', '08:00:00', '10:00:00', 'omunroe'),
(71, 'Friday', '10:00:00', '12:00:00', 'omunroe'),
(72, 'Friday', '12:00:00', '14:00:00', 'omunroe'),
(73, 'Monday', '08:00:00', '10:00:00', 'ldanvers'),
(74, 'Monday', '10:00:00', '12:00:00', 'ldanvers'),
(75, 'Tuesday', '08:00:00', '10:00:00', 'ldanvers'),
(76, 'Tuesday', '10:00:00', '12:00:00', 'ldanvers'),
(77, 'Wednesday', '08:00:00', '10:00:00', 'ldanvers'),
(78, 'Wednesday', '10:00:00', '12:00:00', 'ldanvers'),
(79, 'Thursday', '08:00:00', '10:00:00', 'ldanvers'),
(80, 'Thursday', '10:00:00', '12:00:00', 'ldanvers'),
(81, 'Monday', '10:00:00', '12:00:00', 'dprince'),
(82, 'Monday', '12:00:00', '14:00:00', 'dprince'),
(83, 'Monday', '14:00:00', '16:00:00', 'dprince'),
(84, 'Tuesday', '08:00:00', '10:00:00', 'dprince'),
(85, 'Tuesday', '10:00:00', '12:00:00', 'dprince'),
(86, 'Tuesday', '12:00:00', '14:00:00', 'dprince'),
(87, 'Tuesday', '14:00:00', '16:00:00', 'dprince'),
(88, 'Wednesday', '12:00:00', '14:00:00', 'dprince'),
(89, 'Wednesday', '14:00:00', '16:00:00', 'dprince'),
(90, 'Wednesday', '16:00:00', '18:00:00', 'dprince'),
(91, 'Thursday', '08:00:00', '10:00:00', 'dprince'),
(92, 'Thursday', '10:00:00', '12:00:00', 'dprince'),
(93, 'Thursday', '12:00:00', '14:00:00', 'dprince'),
(94, 'Thursday', '18:00:00', '20:00:00', 'dprince'),
(95, 'Friday', '08:00:00', '10:00:00', 'dprince'),
(96, 'Friday', '10:00:00', '12:00:00', 'dprince'),
(97, 'Friday', '12:00:00', '14:00:00', 'dprince'),
(98, 'Monday', '16:00:00', '18:00:00', 'acurry'),
(99, 'Monday', '18:00:00', '20:00:00', 'acurry'),
(100, 'Tuesday', '08:00:00', '10:00:00', 'acurry'),
(101, 'Tuesday', '10:00:00', '12:00:00', 'acurry'),
(102, 'Tuesday', '12:00:00', '14:00:00', 'acurry'),
(103, 'Wednesday', '14:00:00', '16:00:00', 'acurry'),
(104, 'Wednesday', '16:00:00', '18:00:00', 'acurry'),
(105, 'Wednesday', '18:00:00', '20:00:00', 'acurry'),
(106, 'Thursday', '08:00:00', '10:00:00', 'acurry'),
(107, 'Thursday', '10:00:00', '12:00:00', 'acurry'),
(108, 'Thursday', '12:00:00', '14:00:00', 'acurry'),
(109, 'Thursday', '14:00:00', '16:00:00', 'acurry'),
(110, 'Monday', '08:00:00', '10:00:00', 'jjones'),
(111, 'Monday', '10:00:00', '12:00:00', 'jjones'),
(112, 'Tuesday', '10:00:00', '12:00:00', 'jjones'),
(113, 'Wednesday', '08:00:00', '10:00:00', 'jjones'),
(114, 'Wednesday', '10:00:00', '12:00:00', 'jjones'),
(115, 'Wednesday', '12:00:00', '14:00:00', 'jjones'),
(116, 'Thursday', '08:00:00', '10:00:00', 'jjones'),
(117, 'Thursday', '10:00:00', '12:00:00', 'jjones'),
(118, 'Friday', '08:00:00', '10:00:00', 'jjones'),
(119, 'Friday', '10:00:00', '12:00:00', 'jjones'),
(120, 'Monday', '10:00:00', '12:00:00', 'nadam'),
(121, 'Monday', '12:00:00', '14:00:00', 'nadam'),
(122, 'Monday', '14:00:00', '16:00:00', 'nadam'),
(123, 'Tuesday', '08:00:00', '10:00:00', 'nadam'),
(124, 'Tuesday', '10:00:00', '12:00:00', 'nadam'),
(125, 'Tuesday', '12:00:00', '14:00:00', 'nadam'),
(126, 'Wednesday', '08:00:00', '10:00:00', 'nadam'),
(127, 'Wednesday', '10:00:00', '12:00:00', 'nadam'),
(128, 'Thursday', '10:00:00', '12:00:00', 'nadam'),
(129, 'Thursday', '12:00:00', '14:00:00', 'nadam'),
(130, 'Friday', '10:00:00', '12:00:00', 'nadam'),
(131, 'Friday', '12:00:00', '14:00:00', 'nadam'),
(132, 'Monday', '14:00:00', '16:00:00', 'todinson'),
(133, 'Monday', '16:00:00', '18:00:00', 'todinson'),
(134, 'Monday', '18:00:00', '20:00:00', 'todinson'),
(135, 'Tuesday', '14:00:00', '16:00:00', 'todinson'),
(136, 'Tuesday', '16:00:00', '18:00:00', 'todinson'),
(137, 'Tuesday', '18:00:00', '20:00:00', 'todinson'),
(138, 'Wednesday', '14:00:00', '16:00:00', 'todinson'),
(139, 'Wednesday', '16:00:00', '18:00:00', 'todinson'),
(140, 'Wednesday', '18:00:00', '20:00:00', 'todinson'),
(141, 'Thursday', '14:00:00', '16:00:00', 'todinson'),
(142, 'Thursday', '16:00:00', '18:00:00', 'todinson'),
(143, 'Thursday', '18:00:00', '20:00:00', 'todinson'),
(144, 'Monday', '08:00:00', '10:00:00', 'nfury'),
(145, 'Monday', '10:00:00', '12:00:00', 'nfury'),
(146, 'Monday', '12:00:00', '14:00:00', 'nfury'),
(147, 'Monday', '14:00:00', '16:00:00', 'nfury'),
(148, 'Tuesday', '08:00:00', '10:00:00', 'nfury'),
(149, 'Tuesday', '10:00:00', '12:00:00', 'nfury'),
(150, 'Tuesday', '12:00:00', '14:00:00', 'nfury'),
(151, 'Tuesday', '14:00:00', '16:00:00', 'nfury'),
(152, 'Wednesday', '08:00:00', '10:00:00', 'nfury'),
(153, 'Wednesday', '10:00:00', '12:00:00', 'nfury'),
(154, 'Wednesday', '12:00:00', '14:00:00', 'nfury'),
(155, 'Wednesday', '14:00:00', '16:00:00', 'nfury'),
(156, 'Thursday', '08:00:00', '10:00:00', 'nfury'),
(157, 'Thursday', '10:00:00', '12:00:00', 'nfury'),
(158, 'Thursday', '12:00:00', '14:00:00', 'nfury'),
(159, 'Thursday', '14:00:00', '16:00:00', 'nfury'),
(160, 'Friday', '10:00:00', '12:00:00', 'nfury'),
(161, 'Friday', '12:00:00', '14:00:00', 'nfury'),
(162, 'Friday', '14:00:00', '16:00:00', 'nfury'),
(163, 'Friday', '16:00:00', '18:00:00', 'nfury'),
(164, 'Monday', '12:00:00', '14:00:00', 'cbarton'),
(165, 'Monday', '14:00:00', '16:00:00', 'cbarton'),
(166, 'Tuesday', '12:00:00', '14:00:00', 'cbarton'),
(167, 'Tuesday', '14:00:00', '16:00:00', 'cbarton'),
(168, 'Wednesday', '12:00:00', '14:00:00', 'cbarton'),
(169, 'Wednesday', '14:00:00', '16:00:00', 'cbarton'),
(170, 'Thursday', '12:00:00', '14:00:00', 'cbarton'),
(171, 'Thursday', '14:00:00', '16:00:00', 'cbarton'),
(172, 'Friday', '08:00:00', '10:00:00', 'cbarton'),
(173, 'Friday', '10:00:00', '12:00:00', 'cbarton'),
(174, 'Monday', '08:00:00', '10:00:00', 'ssummers'),
(175, 'Monday', '10:00:00', '12:00:00', 'ssummers'),
(176, 'Tuesday', '08:00:00', '10:00:00', 'ssummers'),
(177, 'Tuesday', '10:00:00', '12:00:00', 'ssummers'),
(178, 'Wednesday', '08:00:00', '10:00:00', 'ssummers'),
(179, 'Wednesday', '10:00:00', '12:00:00', 'ssummers'),
(180, 'Thursday', '08:00:00', '10:00:00', 'ssummers'),
(181, 'Thursday', '10:00:00', '12:00:00', 'ssummers'),
(182, 'Friday', '08:00:00', '10:00:00', 'ssummers'),
(183, 'Friday', '10:00:00', '12:00:00', 'ssummers');

-- -----------------------------------------------------
-- Student Evaluation Table
-- -----------------------------------------------------
INSERT INTO Student_Evaluation (EvaluationID, DateCreated, QOneScore, QOneComments, 
QTwoScore, QTwoComments, QThreeScore, QThreeComments, QFourScore, QFourComments, 
ASURITE_ID, InstructorName) VALUES
(1, '2016-12-15 13:05:11', 4, "Always answered student's questions in class and after class.", 4, 
'Always on time.', 4, 'Great job on feedback.', 4, 'Yes.', 'ballen','Robert Banner'),
(2, '2017-01-12 08:11:45', 5, 'Yes, excellent', 5, 'Yes, always.', 4, 'Good.', 5, 
 'Overall great job and would like to have as a TA again.', 'ballen','Abraham Helsing'),
(3, '2017-01-18 15:23:01', 4, "Answered student's questions.", 5, 
'Always made meetings.', 4, 'Good.', 4, 'Yes, would be happy with this grader again.', 'pparker','Henry McCoy'),
(4, '2017-01-10 09:15:33', 5, "Always answered student's questions over email in timely manner.", 5, 
'Always on time when needed.', 5, 'Gave feedback in timely manner.', 5, 
'Yes, would really enjoy to have this student as my TA again.', 'acurry','Abraham Helsing');

-- -----------------------------------------------------
-- Schedule Table
-- -----------------------------------------------------
INSERT INTO Schedule_ (ScheduleID, SessionIs, Location, Subject, CatalogNumber, CourseNumber, 
CourseTitle, Days, StartHours, EndHours, FirstName, LastName, AssignedStatus, TARequiredHours, 
GraderRequiredHours, EnrollmentNumPrev) VALUES
(1, 'A', 'ASUOnline', 'ASU', 101, 10201, 'The ASU Experience', NULL, NULL, NULL, 'Abraham', 
'Helsing', 'Complete', 10, 10, 60),
(2, 'A', 'ASUOnline', 'SER', 421, 11321, 'Web-Based Applications and Mobile Systems', 
NULL, NULL, NULL, 'Bruce', 'Banner', 'Incomplete', 10, 0, 55),
(3, 'A', 'ASUOnline', 'SER', 422, 12312, 'Web Application Programming', NULL, NULL, NULL,
'Henry', 'McCoy', 'Incomplete', 10, 10, 88),
(4, 'B', 'ASUOnline', 'FSE', 100, 12012, 'Introduction to Engineering', NULL, NULL, NULL,
'Bruce', 'Banner', 'Incomplete', 10, 10, 100),
(5, 'B', 'ASUOnline', 'CSE', 205, 13021, 'Object-Oriented Programming and Data Structures', 
NULL, NULL, NULL, 'Charles', 'Xavier', 'Incomplete', 10, 10, 90),
(6, 'A', 'ASUOnline', 'SER', 215, 13245, 'Software Enterprise: Personal Process', NULL, 
NULL, NULL, 'Charles', 'Xavier', 'Incomplete', 10, 10, 93),
(7, 'B', 'ASUOnline', 'SER', 216, 10001, 'Software Enterprise: Testing and Quality', NULL, 
NULL, NULL, 'Bruce', 'Banner', 'Incomplete', 10, 10, 105),
(8, 'C', 'ASUOnline', 'SER', 401, 10244, 'Computing Capstone Project I', NULL, NULL, NULL,
'Abraham', 'Helsing', 'Incomplete',  10, 10, 85),
(9, 'C', 'ASUOnline', 'SER', 402, 14401, 'Computing Capstone Project II', NULL, NULL, NULL,
'Abraham', 'Helsing', 'Incomplete', 10, 10, 75),
(10, 'C', 'POLY', 'SER', 401, 10111, 'Computing Capstone Project I', 'Tuesday/Thursday', 
'10:00:00', '11:15:00', 'Henry', 'McCoy', 'Incomplete', 10, 0, 55),
(11, 'C', 'POLY', 'SER', 402, 14222, 'Computing Capstone Project II', 'Tuesday/Thursday', 
'08:00:00', '09:15:00', 'Henry', 'McCoy', 'Incomplete', 10, 0, 52);

-- -----------------------------------------------------
-- Student Request Table
-- -----------------------------------------------------
INSERT INTO Student_Request (RequestID, DateCreated, ScheduleID, Rank1, Rank2) VALUES
(1, '2017-01-10 11:28:01', 1, 'ckent', 'pparker'),
(2, '2017-01-12 08:04:23', 2, 'omunroe', 'jjones'),
(3, '2017-01-12 12:45:21', 3, 'dprince', 'ldanvers'),
(4, '2017-01-14 09:23:11', 4, 'nfury', NULL),
(5, '2017-01-15 15:58:06', 5, 'pparker', NULL),
(6, '2017-01-18 13:30:32', 6, 'cbarton', NULL),
(7, '2017-01-19 10:06:00', 7, 'ssummers', 'omunroe'),
(8, '2017-01-20 10:52:46', 8, 'ckent', NULL),
(9, '2017-01-20 14:13:27', 9, 'todinson', NULL),
(10, '2017-01-25 16:24:00', 10, 'nadam', 'nfury'),
(11, '2017-01-20 17:49:54', 11, 'dprince', 'todinson');

-- -----------------------------------------------------
-- Placement Table
-- -----------------------------------------------------
INSERT INTO Placement (PlaceID, TA, TAStatus, TATwo, TATwoStatus, GraderOne, GraderOneStatus, 
GraderTwo, GraderTwoStatus, TAHours, TATwoHours, GraderOneHours, GraderTwoHours, ScheduleID) VALUES
(1, 'ckent', 'Confirmed', NULL, NULL, 'pparker', 'Pending', NULL, NULL, 10, NULL, 10, NULL, 1),
(2, 'jjones', 'Pending',  NULL, NULL, NULL, NULL, NULL, NULL, 10, NULL, NULL, NULL, 2),
(3, 'dprince', 'Confirmed', NULL, NULL, 'ldanvers', 'Pending', NULL, NULL, 10, NULL, 10, NULL, 3),
(4, 'nfury', 'Pending', NULL, NULL, NULL, NULL, NULL, NULL, 10, NULL, 10, NULL, 4),
(5, 'cbarton', 'Confirmed', NULL, NULL, 'pparker', 'Temporary', NULL, NULL, 10, NULL, 10, NULL, 5),
(6, 'cbarton', 'Confirmed', NULL, NULL, 'ssummers', 'Pending', NULL, NULL, 10, NULL, 10, NULL, 6),
(7, 'ssummers', 'Pending', NULL, NULL, 'omunroe', 'Confirmed', NULL, NULL, 10, NULL, 10, NULL, 7),
(8, 'ckent', 'Pending', NULL, NULL, 'nadam', 'Pending', NULL, NULL, 10, NULL, 10, NULL, 8),
(9, 'todinson', 'Confirmed', NULL, NULL, NULL, NULL, NULL, NULL, 10, NULL, NULL, NULL, 9),
(10, 'nadam', 'Confirmed', NULL, NULL, 'srogers', 'Pending', NULL, NULL, 10, NULL, 10, NULL, 10),
(11, 'dprince', 'Confirmed', NULL, NULL, NULL, NULL, NULL, NULL, 10, NULL, NULL, NULL, 11);

-- -----------------------------------------------------
-- Enrollment Table
-- -----------------------------------------------------
INSERT INTO Enrollment (EnrollmentID, EnrollmentNumCurrent, DateEntered, ScheduleID) VALUES
(1, 25, '2017-02-25', 1),
(2, 33, '2017-02-25', 2),
(3, 30, '2017-02-25', 3),
(4, 24,'2017-02-25', 4),
(5, 52, '2017-02-25', 5),
(6, 50, '2017-02-25', 6),
(7, 40, '2017-02-25', 7),
(8, 60, '2017-02-25', 8),
(9, 50, '2017-02-25', 9),
(10, 63, '2017-02-25', 10),
(11, 34, '2017-02-25', 11),
(12, 65, '2017-03-01', 1),
(13, 58, '2017-03-01', 2),
(14, 85, '2017-03-01', 3),
(15, 70, '2017-03-01', 4),
(16, 95, '2017-03-01', 5),
(17, 87, '2017-03-01', 6),
(18, 98, '2017-03-01', 7),
(19, 99, '2017-03-01', 8),
(20, 92, '2017-03-01', 9),
(21, 78, '2017-03-01', 10),
(22, 57, '2017-03-01', 11),
(23, 60, '2017-03-05', 11);

-- -----------------------------------------------------
-- Deadline Table
-- -----------------------------------------------------
INSERT INTO Deadline (DeadlineID, CurrentSemester, DeadlineDate) VALUES
(1, 'Fall', '2017-06-15');

-- -----------------------------------------------------
-- Feedback Table
-- -----------------------------------------------------
INSERT INTO Feedback (FeedbackText, hasComplied, AppID) VALUES
('Please correct address.', 1, 3),
('Please correct phone number', 0, 1);
